County,Year,Assault,Homicide,Sex Crime,Kidnapping,Robbery,Arson,Burglary,Forgery,Theft,Driving,Drugs,Other,Misdemeanor
BAKER,1991,19.3,0,263.2,0,0,0,128.4,205.4,513.5,154,44.9,199,372.3
BAKER,1992,63.1,25.2,126.2,0,12.6,0,189.3,44.2,277.6,151.4,151.4,189.3,359.6
BAKER,1993,55.7,6.2,98.9,0,30.9,0,111.3,129.9,142.2,197.9,284.5,216.5,303
BAKER,1994,24.4,0,79.2,12.2,6.1,0,121.8,54.8,140.1,109.6,103.5,152.3,188.8
BAKER,1995,54,0,65.9,0,12,6,113.9,12,185.9,77.9,203.8,179.9,197.8
BAKER,1996,66.1,6,54.1,18,24,0,126.2,6,150.2,96.2,162.3,102.2,264.4
BAKER,1997,35.9,6,83.7,6,23.9,0,131.5,0,119.5,89.7,53.8,83.7,179.3
BAKER,1998,59.5,5.9,95.1,0,29.7,0,101.1,23.8,154.6,89.2,196.2,178.4,285.4
BAKER,1999,203.3,12,107.7,23.9,6,0,101.7,12,137.6,119.6,143.5,119.6,484.4
BAKER,2000,149.3,6,65.7,29.9,0,0,77.6,0,161.2,11.9,244.8,131.3,531.3
BAKER,2001,149.7,6,113.8,6,12,0,143.7,12,173.7,6,646.7,269.5,1640.7
BAKER,2002,83.8,0,101.8,0,24,0,53.9,6,221.6,6,269.5,167.7,401.2
BAKER,2003,163.6,0,84.8,18.2,18.2,0,84.8,0,193.9,6.1,387.9,133.3,206.1
BAKER,2004,60.4,0,132.9,6,12.1,0,90.6,6,253.8,24.2,392.7,145,229.6
BAKER,2005,145.5,18.2,72.7,0,18.2,0,115.2,6.1,260.6,36.4,418.2,145.5,472.7
BAKER,2006,139.6,18.2,85,6.1,6.1,0,103.2,0,224.7,66.8,248.9,218.6,522.2
BAKER,2007,152.1,0,79.1,6.1,18.3,0,79.1,12.2,213,18.3,310.3,103.4,1429.9
BAKER,2008,164.1,6.1,121.5,18.2,0,0,115.5,0,151.9,18.2,188.4,151.9,1063.5
BAKER,2009,91.2,0,66.9,6.1,0,0,66.9,0,103.3,24.3,133.7,79,766
BAKER,2010,117.4,12.4,55.6,6.2,0,0,49.4,6.2,105,18.5,191.5,142.1,797
BAKER,2011,92.5,6.2,80.2,0,0,0,55.5,12.3,86.3,74,154.2,86.3,1338.3
BAKER,2012,55.5,6.2,86.4,6.2,12.3,6.2,92.5,18.5,185.1,18.5,172.7,86.4,2510.8
BAKER,2013,86,0,67.6,12.3,0,0,86,6.1,129,12.3,184.3,86,2082.3
BENTON,1991,54.6,4.2,51.8,5.6,14,1.4,159.5,56,95.2,120.3,139.9,137.1,1683.5
BENTON,1992,48.3,8.3,46.9,4.1,38.6,4.1,143.5,55.2,82.8,180.7,97.9,142.1,2044.4
BENTON,1993,70.4,10.8,62.3,10.8,24.4,4.1,139.5,67.7,150.3,146.3,135.4,138.1,1637.3
BENTON,1994,62.4,14.6,46.5,15.9,17.3,1.3,126.2,6.6,139.5,199.2,171.3,138.1,1580.6
BENTON,1995,61.6,5.2,32.8,7.9,40.6,6.6,107.5,18.4,170.4,250.4,280.6,158.6,1565.5
BENTON,1996,68.4,14.2,63.2,5.2,19.4,9,135.5,10.3,201.3,211.6,231,152.3,1694.4
BENTON,1997,60.1,11.5,78,6.4,15.3,7.7,139.4,39.6,225,195.6,171.3,126.6,1442.3
BENTON,1998,81.4,3.8,36.9,6.4,19.1,5.1,96.7,16.5,150.1,212.5,168,104.3,1465.8
BENTON,1999,119.2,11.5,30.8,3.8,11.5,2.6,66.6,25.6,123,93.5,171.7,112.8,1412.1
BENTON,2000,92,5.1,53.6,10.2,11.5,0,92,23,169.9,23,293.7,130.3,1706.3
BENTON,2001,93.7,7.6,50.6,3.8,12.7,2.5,82.3,6.3,145.6,13.9,241.8,83.5,1741.8
BENTON,2002,82.6,5,48.8,7.5,21.3,3.8,63.8,7.5,166.5,21.3,204,83.9,1598.2
BENTON,2003,83.2,7.5,43.5,16.1,21.1,2.5,63.4,14.9,111.8,21.1,173.9,74.5,1923
BENTON,2004,61.2,6.1,36.7,17.1,18.3,1.2,64.8,12.2,113.8,28.1,172.5,79.5,2059.9
BENTON,2005,43.5,12.1,32.6,8.5,7.2,0,71.2,16.9,153.3,12.1,176.3,114.7,2023.3
BENTON,2006,80.8,4.8,39.2,3.6,19,0,51.1,4.8,127.2,22.6,156.9,98.7,2064.8
BENTON,2007,76.2,5.9,35.2,2.3,16.4,3.5,46.9,5.9,118.4,29.3,134.8,91.4,1722.2
BENTON,2008,67.3,2.3,45.3,4.6,7,2.3,61.5,2.3,97.5,11.6,104.5,99.9,1306.3
BENTON,2009,56.5,3.5,51.9,8.1,26.5,1.2,55.3,3.5,85.3,17.3,152.2,96.9,1364.1
BENTON,2010,58.3,2.3,49,5.8,9.3,2.3,58.3,3.5,79.3,9.3,176.1,101.5,1510.5
BENTON,2011,67.4,3.5,27.9,2.3,12.8,2.3,65.1,5.8,86.1,17.4,201.2,94.2,1482.6
BENTON,2012,49.5,3.5,51.9,2.3,16.1,1.2,49.5,1.2,117.5,20.7,209.7,74.9,1481.8
BENTON,2013,25.1,0,8,2.3,5.7,1.1,13.7,1.1,22.8,3.4,18.2,22.8,159.6
CLACKAMAS,1991,22.5,5.5,40.2,5.9,18.4,2.8,62.3,20.1,103.2,196.7,59.2,91.1,1300.3
CLACKAMAS,1992,16.2,5.4,31.4,3.7,25.3,2.7,67.5,20.2,95.5,251,77.6,78.6,1148.9
CLACKAMAS,1993,21.1,10.6,29.7,3.6,15.2,0.7,51.8,17.8,91,184.1,69.9,66,1093.8
CLACKAMAS,1994,16.5,8.7,23.3,8.4,16.5,1.9,31.4,8.1,82.8,208.7,105.2,69.9,1157.7
CLACKAMAS,1995,26.1,7.6,33.4,1.3,17.8,2.2,31.1,4.8,96.3,201.1,165.2,112.8,1471.8
CLACKAMAS,1996,27,5.6,33.8,6.2,23.9,0.6,30.4,7.1,100.3,207.7,144.3,112.7,1421
CLACKAMAS,1997,30.4,7.6,30.7,9.7,22.5,1.2,31.3,5.5,80.9,160,112.3,122.3,1218.8
CLACKAMAS,1998,48.1,8.4,41.8,11.1,28.8,0.9,50.2,13.5,107,188.4,122.6,137.9,1261.3
CLACKAMAS,1999,54.8,10.7,49.1,12.5,28.6,0.6,49.4,14,83,161.9,135.1,136.6,1247.7
CLACKAMAS,2000,68.2,6.2,48.5,11.2,23.2,1.2,38.8,14.4,109.4,24.7,171.2,189.7,1405.9
CLACKAMAS,2001,68.7,5.5,41.1,5.8,15.4,1.7,40,18.5,124,33.6,177.3,195.9,1543.4
CLACKAMAS,2002,36.5,4,36.5,3.1,23.4,0.9,40.8,8.3,146.2,28.2,216.9,152.2,1327.6
CLACKAMAS,2003,56.3,5.4,32.8,4.5,13.6,0.6,41.9,5.4,133,25.7,143.7,100.4,1275.1
CLACKAMAS,2004,53.3,3.9,43.2,2.5,16.6,1.4,36.5,10.7,155.5,30.3,147.1,64.8,1152.6
CLACKAMAS,2005,59,4.4,36.8,5,18.8,2.8,37.6,10.2,178.8,26.6,183.5,90.5,1169.1
CLACKAMAS,2006,49.6,4.1,37.3,3,18.3,2.5,41.1,12.3,147.9,24.2,135.7,103.8,1080.8
CLACKAMAS,2007,50,6.7,33,1.9,12.6,1.3,41.6,5.9,132.7,27.4,148.3,65.3,1117.7
CLACKAMAS,2008,44.6,5,36.4,2.1,13,1.3,26,6.1,115,26.8,134.6,48.1,1079.8
CLACKAMAS,2009,45.5,2.6,35,2.6,15,0.8,25.8,3.2,102.4,19.2,148.5,65.3,1121
CLACKAMAS,2010,49.1,3.7,28.1,1.6,11.4,0.5,36.9,6.9,91.3,19.6,209.7,70.3,1105.4
CLACKAMAS,2011,42,1.6,22.7,1.3,10.3,0.5,34.6,5.8,99.6,33.3,208.5,72.7,1096.5
CLACKAMAS,2012,34.1,2.9,29.3,0,9.4,1,32.5,4.5,100.9,34.6,199.6,72.8,1001.1
CLACKAMAS,2013,28.2,2.1,26.2,1.6,9.1,1.3,31.3,3.6,99.7,27.7,221.2,78.5,930.4
CLATSOP,1991,38.4,8.9,20.7,0,8.9,0,47.3,5.9,76.9,162.6,112.3,97.5,3068.3
CLATSOP,1992,26.3,2.9,37.9,5.8,2.9,0,67.1,14.6,61.3,125.5,61.3,32.1,2599.9
CLATSOP,1993,51.9,5.8,34.6,0,8.7,0,80.8,5.8,98.1,144.3,144.3,63.5,1125.2
CLATSOP,1994,73.8,5.7,68.2,0,28.4,5.7,224.4,31.2,187.4,352.2,516.9,107.9,127.8
CLATSOP,1995,124.2,11.3,98.8,0,56.4,11.3,169.3,11.3,245.6,414.9,668.9,141.1,2613.6
CLATSOP,1996,59.5,2.8,36.8,0,34,14.2,73.6,11.3,59.5,147.2,215.2,45.3,314.3
CLATSOP,1997,157.2,16.8,64.6,14,28.1,2.8,165.6,33.7,204.9,401.3,367.7,143.1,2444.6
CLATSOP,1998,213.5,5.6,87.1,19.7,25.3,2.8,87.1,11.2,185.4,269.7,247.3,154.5,2677.7
CLATSOP,1999,188.3,8.4,81.5,8.4,28.1,2.8,67.5,39.3,104,210.8,222,137.7,2220.3
CLATSOP,2000,179.3,8.4,89.6,8.4,19.6,8.4,128.9,36.4,145.7,70,330.5,89.6,2411.8
CLATSOP,2001,223.2,11.2,94.8,2.8,16.7,0,94.8,22.3,106,36.3,329.1,114.4,2471.4
CLATSOP,2002,144,11.1,88.6,5.5,13.9,0,99.7,58.2,166.2,83.1,357.3,116.3,2529.1
CLATSOP,2003,190.1,5.5,90.9,5.5,19.3,2.8,110.2,27.5,157,57.9,319.6,115.7,1931.1
CLATSOP,2004,142.9,5.5,74.2,19.2,27.5,8.2,112.6,30.2,170.3,44,442.3,142.9,2585.2
CLATSOP,2005,171.9,10.9,84.6,13.6,16.4,2.7,98.3,30,171.9,62.8,401.2,226.5,2374.5
CLATSOP,2006,118.8,13.5,89.1,5.4,2.7,0,118.8,18.9,132.3,59.4,356.3,242.9,2580.6
CLATSOP,2007,170.9,8,74.8,13.4,8,2.7,66.8,10.7,144.2,40.1,256.4,120.2,2315.7
CLATSOP,2008,180.4,2.7,79.6,18.6,23.9,0,71.6,2.7,177.7,55.7,342.2,119.4,2010.9
CLATSOP,2009,179.7,5.3,81.9,0,15.9,0,97.8,13.2,214.1,63.4,266.9,116.3,2056
CLATSOP,2010,156.5,10.8,86.3,8.1,16.2,8.1,134.9,21.6,116,40.5,426.2,129.5,2074.5
CLATSOP,2011,204.6,13.5,56.5,5.4,16.2,0,96.9,13.5,129.2,72.7,374.2,156.1,1989.5
CLATSOP,2012,134.4,8.1,59.2,5.4,26.9,2.7,121,5.4,126.4,61.8,422.2,204.4,2046.2
CLATSOP,2013,96.6,2.7,21.5,0,10.7,10.7,118.1,10.7,169,34.9,389.1,139.5,1521.3
COLUMBIA,1991,36.4,20.8,20.8,0,13,0,111.8,20.8,143,39,132.6,114.4,2405.1
COLUMBIA,1992,43.8,2.6,59.3,0,23.2,10.3,100.5,59.3,118.5,38.6,97.9,77.3,1718.6
COLUMBIA,1993,60.9,7.6,58.3,2.5,22.8,7.6,116.6,25.4,124.2,22.8,192.7,48.2,1257.6
COLUMBIA,1994,37.6,2.5,70.2,5,22.6,2.5,77.7,20.1,102.8,72.7,285.9,77.7,1426.8
COLUMBIA,1995,69.1,2.5,54.3,2.5,39.5,2.5,101.2,7.4,111.1,108.6,271.5,125.9,2263.1
COLUMBIA,1996,65.2,9.7,43.5,2.4,4.8,4.8,74.9,2.4,116,38.7,210.2,106.3,1186.6
COLUMBIA,1997,47.7,0,73.9,0,4.8,2.4,16.7,7.1,57.2,57.2,162.1,38.1,1196.4
COLUMBIA,1998,89,2.3,75,14.1,9.4,2.3,96,23.4,53.9,131.2,215.5,105.4,993.2
COLUMBIA,1999,124.8,2.3,60.1,11.6,2.3,4.6,39.3,2.3,39.3,147.9,182.5,120.1,919.6
COLUMBIA,2000,160.2,0,57.2,13.7,6.9,4.6,48.1,29.7,57.2,38.9,231.1,75.5,949.7
COLUMBIA,2001,108.4,4.5,42.9,0,4.5,0,60.9,4.5,88,54.2,209.9,103.8,927.8
COLUMBIA,2002,116.6,9,60.5,9,11.2,2.2,83,4.5,87.4,62.8,219.7,89.7,950.7
COLUMBIA,2003,144.4,2.2,71.1,13.3,2.2,0,62.2,6.7,80,64.4,313.3,86.7,748.9
COLUMBIA,2004,105.1,6.6,50.4,17.5,11,0,81.1,26.3,89.8,39.4,330.8,87.6,768.9
COLUMBIA,2005,112.5,2.2,60.6,17.3,6.5,0,62.7,17.3,84.4,60.6,257.5,261.8,1016.9
COLUMBIA,2006,110.7,2.1,51.1,14.9,6.4,4.3,34.1,12.8,115,49,236.3,155.4,924.1
COLUMBIA,2007,73.6,12.6,46.3,2.1,4.2,0,67.3,10.5,103,54.7,302.7,124,838.9
COLUMBIA,2008,110.2,2.1,60.3,4.2,4.2,0,56.1,6.2,87.3,45.7,207.9,68.6,706.9
COLUMBIA,2009,113.6,18.6,41.3,6.2,6.2,2.1,37.2,2.1,74.4,39.2,194.2,70.2,902.7
COLUMBIA,2010,85,12.1,26.3,10.1,6.1,0,44.5,4,58.7,28.3,204.3,36.4,770.8
COLUMBIA,2011,76.6,8.1,32.2,0,8.1,2,44.3,4,44.3,40.3,203.5,64.5,987.4
COLUMBIA,2012,68.4,8.1,30.2,0,12.1,0,38.2,2,52.3,32.2,205.3,106.7,722.6
COLUMBIA,2013,32.1,6,32.1,2,6,2,30.1,0,56.2,26.1,182.5,76.2,487.5
COOS,1991,103.2,9.8,68.8,13.1,27.8,4.9,90.1,18,106.5,221.1,355.4,150.7,4465.2
COOS,1992,106.3,8.1,78.9,11.3,19.3,3.2,75.7,29,141.7,286.6,249.6,156.2,4055.7
COOS,1993,96.9,11.1,62,11.1,7.9,3.2,111.2,46.1,170,235.1,333.6,171.6,3809.4
COOS,1994,87,12.6,52.2,6.3,12.6,7.9,132.8,12.6,156.5,234,419,226.1,3256.9
COOS,1995,105.5,11,52,7.9,15.7,4.7,121.2,3.1,151.2,177.9,485,255.1,3355.4
COOS,1996,94.5,18.9,59.9,9.5,22.1,3.2,111.9,7.9,168.6,173.3,373.5,185.9,3101.2
COOS,1997,146.5,12.6,72.5,22.1,20.5,1.6,124.5,7.9,211.2,174.9,562.6,234.8,3192.6
COOS,1998,147.1,12.7,74.3,36.4,53.8,7.9,137.6,23.7,175.6,161.3,488.8,242,2934.2
COOS,1999,122.5,11.1,98.6,22.3,9.5,0,90.7,19.1,122.5,108.2,431.1,181.4,2764.9
COOS,2000,130.6,11.1,78,17.5,28.7,12.7,105.1,11.1,108.3,44.6,431.5,218.2,2364.6
COOS,2001,135,14.3,76.3,14.3,7.9,0,104.8,6.4,95.3,44.5,360.6,108,2303.4
COOS,2002,151.6,12.8,86.2,23.9,33.5,3.2,91,4.8,92.6,54.3,408.6,116.5,2237.8
COOS,2003,184.1,3.2,77.8,31.7,39.7,1.6,88.9,7.9,131.7,77.8,454,141.3,2117.5
COOS,2004,124.4,6.4,82.9,12.8,15.9,3.2,84.5,11.2,135.6,57.4,387.6,165.9,2022.3
COOS,2005,129.2,16,68.6,6.4,8,1.6,76.6,12.8,100.5,51,419.5,169.1,1867.8
COOS,2006,112.9,4.8,95.4,9.5,38.2,3.2,89,11.1,139.9,42.9,327.5,193.9,2061.8
COOS,2007,130.1,3.2,92,6.3,9.5,4.8,73,9.5,185.6,63.4,317.2,99.9,2574.1
COOS,2008,85.4,4.7,79.1,3.2,17.4,1.6,57,14.2,123.4,33.2,205.7,88.6,2691
COOS,2009,66.6,9.5,69.8,7.9,20.6,1.6,55.5,6.3,104.7,36.5,147.5,68.2,2565.6
COOS,2010,74.6,7.9,60.3,3.2,11.1,7.9,74.6,3.2,114.2,25.4,165,117.4,2543
COOS,2011,69.9,17.5,76.2,4.8,19.1,1.6,136.6,3.2,136.6,50.8,408.2,150.9,2663.6
COOS,2012,114.5,6.4,66.8,3.2,23.9,0,111.3,1.6,85.9,20.7,337.1,167,2471
COOS,2013,122.5,15.9,62,3.2,12.7,1.6,111.4,3.2,124.1,31.8,534.5,182.9,2053.8
CROOK,1991,114.6,27,148.2,27,27,40.4,175.2,67.4,208.9,323.5,404.3,370.6,3834.2
CROOK,1992,117.2,39.1,58.6,13,32.6,0,325.5,58.6,130.2,559.9,227.9,468.8,4726.6
CROOK,1993,100.1,18.8,68.8,0,6.3,0,156.4,31.3,206.5,456.8,506.9,356.7,3685.9
CROOK,1994,139.7,18.2,115.4,91.1,48.6,0,218.7,18.2,267.3,425.3,504.3,449.6,3918.6
CROOK,1995,88.3,5.9,88.3,5.9,47.1,0,100.1,17.7,282.5,417.9,712.2,441.4,4944.1
CROOK,1996,86.2,5.7,69,11.5,40.2,0,172.4,17.2,201.1,356.3,413.8,333.3,3448.3
CROOK,1997,123.4,16.8,89.7,5.6,5.6,11.2,207.5,33.7,364.6,476.7,846.9,398.2,4795.3
CROOK,1998,169,10.9,87.2,5.5,16.4,21.8,125.4,27.3,120,294.4,152.7,338.1,3544.2
CROOK,1999,100.6,5.3,52.9,10.6,0,0,111.2,21.2,222.3,158.8,285.9,211.8,3515.1
CROOK,2000,191.7,10.4,103.6,5.2,0,5.2,98.4,10.4,114,46.6,119.2,238.3,4031.1
CROOK,2001,196.5,5,100.8,0,5,5,181.4,10.1,136,65.5,231.7,483.6,4226.7
CROOK,2002,188.1,9.9,64.4,5,5,14.9,104,5,188.1,54.5,366.3,321.8,3564.4
CROOK,2003,172.4,9.9,83.7,0,0,4.9,147.8,4.9,123.2,64,280.8,270.9,4024.6
CROOK,2004,164.6,4.8,82.3,4.8,19.4,0,77.5,9.7,96.9,82.3,198.5,203.4,3665.9
CROOK,2005,131.7,4.4,79,8.8,8.8,0,166.8,8.8,184.4,83.4,360,263.4,3978
CROOK,2006,150.9,8.2,69.3,20.4,0,4.1,53,8.2,175.3,77.5,85.6,252.8,3396.5
CROOK,2007,123.6,0,65.7,19.3,11.6,0,135.2,0,131.4,34.8,212.5,177.7,3395.8
CROOK,2008,59.6,0,55.9,22.4,0,11.2,44.7,0,78.2,14.9,100.6,160.2,2536.8
CROOK,2009,132.4,11,33.1,3.7,0,0,44.1,0,117.7,33.1,154.5,169.2,2677.9
CROOK,2010,114.2,4.8,42.8,4.8,9.5,0,28.5,0,133.2,38.1,157,190.3,3049.5
CROOK,2011,91.1,0,52.7,0,0,0,52.7,9.6,129.5,52.7,163,215.8,2972.9
CROOK,2012,48.4,0,77.5,4.8,0,0,92,0,140.4,38.7,295.4,169.5,3065.4
CROOK,2013,62.8,0,43.5,4.8,4.8,0,43.5,4.8,53.2,33.8,154.7,145,1300.1
CURRY,1991,61.1,20.4,127.2,30.5,0,0,152.7,66.2,239.2,386.8,681.9,264.6,2977.1
CURRY,1992,75.5,25.2,85.5,20.1,0,0,176.1,10.1,236.4,281.7,327,95.6,3360.2
CURRY,1993,58.9,0,39.3,14.7,9.8,0,58.9,0,142.4,216,294.6,147.3,3269.5
CURRY,1994,82.1,14.5,29,4.8,0,0,130.4,9.7,154.5,222.1,304.2,130.4,3022.7
CURRY,1995,71.5,0,38.1,4.8,4.8,0,123.9,19.1,195.3,243,347.8,252.5,3825.6
CURRY,1996,57.1,14.3,47.6,9.5,0,0,81,4.8,214.3,209.5,238.1,190.5,2985.7
CURRY,1997,61.8,0,61.8,0,9.5,0,71.3,4.8,228.2,247.3,285.3,218.7,3409.4
CURRY,1998,137.9,9.5,61.8,14.3,14.3,0,147.4,9.5,161.7,256.8,437.5,271,3685.2
CURRY,1999,232,4.7,104.2,9.5,9.5,4.7,99.4,0,184.7,118.4,288.8,217.8,3077.7
CURRY,2000,117.9,18.9,117.9,14.2,18.9,14.2,127.4,0,113.2,37.7,386.8,287.7,3146.2
CURRY,2001,153.1,4.6,102.1,13.9,13.9,0,74.2,23.2,120.6,23.2,399.1,116,3155.5
CURRY,2002,164.7,18.8,84.7,4.7,4.7,0,117.6,14.1,150.6,42.4,498.8,112.9,3270.6
CURRY,2003,199.1,14.2,80.6,0,19,0,104.3,0,146.9,71.1,327,218,2976.3
CURRY,2004,141.8,4.7,99.3,0,4.7,4.7,108.7,4.7,122.9,37.8,354.6,208,2865.2
CURRY,2005,70.8,4.7,70.8,9.4,9.4,4.7,108.5,18.9,226.5,42.5,429.4,160.5,2765.5
CURRY,2006,173.2,14,60.8,0,18.7,18.7,88.9,0,191.9,56.2,234,84.2,2667.9
CURRY,2007,88.5,9.3,32.6,0,9.3,4.7,41.9,18.6,195.6,65.2,288.7,83.8,2877.8
CURRY,2008,158.1,4.6,46.5,0,4.6,0,69.7,4.6,186,32.5,232.5,83.7,2394.2
CURRY,2009,75,0,42.2,0,0,9.4,112.5,14.1,192.1,56.2,187.4,154.6,2478.9
CURRY,2010,71.6,0,58.2,0,0,0,80.5,13.4,210.2,35.8,322.1,165.5,2250.1
CURRY,2011,53.7,4.5,26.9,4.5,9,4.5,58.2,4.5,103,40.3,420.9,165.7,2637.1
CURRY,2012,98.7,0,85.2,9,17.9,9,139,0,152.5,31.4,255.7,161.5,2727.1
CURRY,2013,98.7,0,31.4,0,13.5,0,94.2,4.5,174.9,58.3,260.1,170.4,2246.6
DESCHUTES,1991,104.3,12.4,52.1,7.4,21.1,6.2,202.4,37.2,190,204.9,227.2,180,3217
DESCHUTES,1992,97.2,24.9,81.8,9.5,48.6,8.3,234.7,30.8,176.6,347.4,221.7,200.4,2706.6
DESCHUTES,1993,72.5,7.9,91.8,15.9,10.2,2.3,132.5,34,176.7,350,261.7,209.6,2770.7
DESCHUTES,1994,100.3,7.6,57.8,5.5,19.6,7.6,137.4,22.9,220.3,248.6,400.2,185.4,3342.4
DESCHUTES,1995,109.5,12.5,59.4,11.5,44.8,13.6,150.2,14.6,231.5,183.5,520.3,185.6,3492.2
DESCHUTES,1996,100.1,12,60.1,8,37,3,132.2,10,170.2,71.1,344.4,193.2,2585.1
DESCHUTES,1997,132.8,16.5,88.2,24.2,33.9,5.8,144.4,17.4,205.5,85.3,385.7,260.7,2511.1
DESCHUTES,1998,156.2,6.5,70.7,24.2,35.3,1.9,132,13.9,221.3,90.2,285.5,211.1,2679.9
DESCHUTES,1999,214.3,9.7,62,9.7,18.6,0.9,104.5,10.6,149.7,74.4,293.1,182.4,2834.5
DESCHUTES,2000,165.5,5.1,54,16.3,7.7,1.7,78,12.9,179.2,40.3,235,169.8,2455.4
DESCHUTES,2001,155.7,14.7,73.7,14.7,22.1,7.4,89.3,3.3,214.7,43.4,256.5,159,2306.4
DESCHUTES,2002,148.6,7.9,83,10.3,15.8,4,108.3,3.2,207.9,40.3,259.3,123.3,2236.4
DESCHUTES,2003,148.7,3.8,55.9,21.5,21.5,6.1,115.7,2.3,304.2,52.1,361.7,112.6,1924.1
DESCHUTES,2004,128.5,4.4,91.5,11.1,23.6,4.4,98.9,3.7,228.9,47.2,400.9,154.3,1987.4
DESCHUTES,2005,113.6,6.3,76,7,21.6,8.4,101.1,10.5,289.2,45.3,483,145.7,1762.5
DESCHUTES,2006,114,6.6,76.7,3.9,24.2,4.6,99.6,11.8,263.4,57,387.9,145.5,1770.5
DESCHUTES,2007,128.1,6.2,65.9,4.4,33.6,4.4,87.1,11.2,221.4,47.3,312.2,133.7,1763
DESCHUTES,2008,115,4.8,77.8,3,18.6,1.8,100.6,7.8,205.4,44.3,189.2,111.4,1772.3
DESCHUTES,2009,106,3.5,62.7,2.9,15.2,3.5,65.6,10,145.9,41.6,250.7,101.9,1652
DESCHUTES,2010,129.2,5.1,79.2,7.6,26.6,3.2,64,12.7,166.6,29.8,270.4,127.3,1659.9
DESCHUTES,2011,67.3,2.5,49.7,1.3,20.8,1.3,64.2,13.8,122.7,61.1,321,86.9,1743.5
DESCHUTES,2012,96.8,2.5,48.7,1.9,18.7,1.9,57.4,8.7,118.6,52.5,330.3,107.4,1539.3
DESCHUTES,2013,87.4,4.3,59.7,4.3,13.5,0.6,80,14.2,144.6,54.8,371,128,1691.4
DOUGLAS,1991,58.6,18.8,86.8,13.6,26.1,4.2,180.9,66.9,223.8,526,463.3,231.1,1236.1
DOUGLAS,1992,85.4,10.4,75,9.4,25,3.1,160.4,53.1,230.2,441.7,559.4,226,1260.4
DOUGLAS,1993,45.4,16.5,89.9,9.3,38.2,8.3,163.2,82.6,253.1,430.7,648.7,275.8,1151.7
DOUGLAS,1994,84,12.3,92.2,10.2,31.8,4.1,196.7,19.5,192.6,510.2,868.8,311.4,1208.9
DOUGLAS,1995,71.8,20.2,68.8,16.2,47.6,17.2,199.4,16.2,288.4,486.7,881.4,343,1367.1
DOUGLAS,1996,93.3,16,59.2,13,43.1,5,227.6,21.1,222.6,456.2,635.7,316.9,1298.5
DOUGLAS,1997,104.5,2,51.8,14.9,28.9,6,185.1,14.9,235.9,550.5,767.5,351.4,1161.7
DOUGLAS,1998,104.4,9.9,55.7,7,18.9,1,102.5,15.9,157.2,251.7,517.3,234.8,1140
DOUGLAS,1999,117.6,7,73.7,2,20.9,2,83.7,10,151.5,176.4,444.5,176.4,1080.3
DOUGLAS,2000,156.2,9,62.7,9,16.9,2,123.4,12.9,185.1,35.8,434.8,147.3,1175.1
DOUGLAS,2001,118.6,7.9,87.9,3,24.7,5.9,78.1,4.9,179.8,38.5,471.3,176.9,1099.8
DOUGLAS,2002,86.9,3.9,65.2,2,14.8,9.9,102.7,6.9,145.1,45.4,529.1,173.7,1075
DOUGLAS,2003,82.5,13.8,69.7,3.9,43.2,2,109,5.9,167,51.1,508.8,169,1087.4
DOUGLAS,2004,78.2,9.8,60.6,9.8,18.6,3.9,110.4,11.7,141.7,36.2,579.4,163.2,1149
DOUGLAS,2005,86.5,4.9,62.2,5.8,8.7,1,110.8,21.4,236.1,55.4,959.1,198.2,1341
DOUGLAS,2006,78,6.7,78,4.8,18.3,2.9,124.3,18.3,240.8,49.1,704.1,217.7,1449.7
DOUGLAS,2007,88.8,7.6,76.4,3.8,7.6,1.9,96.5,8.6,174.8,66.9,507.3,161.5,1226.7
DOUGLAS,2008,60.8,5.7,87.4,7.6,19,2.9,95,3.8,142.5,48.5,425.7,170.1,1541.2
DOUGLAS,2009,61.7,3.8,77.8,9.5,16.1,3.8,102.5,4.7,151.8,43.6,467.8,169.8,1278
DOUGLAS,2010,55.7,2.8,104,5.6,23.2,8.4,85.4,3.7,142.1,38.1,520,204.3,1257.3
DOUGLAS,2011,77.9,3.7,79.8,1.9,12.1,2.8,78.9,4.6,174.4,48.2,665.2,202.2,1297.8
DOUGLAS,2012,63.8,5.5,65.6,3.7,17.6,0.9,105.4,9.2,245.9,44.4,632.2,236.6,1100.8
DOUGLAS,2013,65.2,8.3,57,2.8,2.8,2.8,94.6,0.9,208.5,35.8,829.6,238.9,959.1
GILLIAM,1991,0,0,352.9,0,0,0,117.6,0,58.8,411.8,0,176.5,176.5
GILLIAM,1992,0,115.6,346.8,0,0,0,57.8,0,231.2,404.6,0,115.6,115.6
GILLIAM,1993,0,0,116.3,0,0,0,0,0,116.3,465.1,232.6,116.3,58.1
GILLIAM,1994,0,55.6,55.6,0,0,0,0,0,333.3,555.6,55.6,0,277.8
GILLIAM,1995,55.9,55.9,111.7,0,0,0,223.5,0,111.7,893.9,335.2,55.9,223.5
GILLIAM,1996,54.1,54.1,54.1,0,0,0,108.1,0,162.2,378.4,0,54.1,864.9
GILLIAM,1997,108.7,0,163,0,0,0,0,0,54.3,597.8,108.7,543.5,1630.4
GILLIAM,1998,0,53.2,159.6,0,0,0,106.4,0,0,744.7,425.5,106.4,1808.5
GILLIAM,1999,0,0,104.7,52.4,0,0,104.7,0,314.1,314.1,418.8,157.1,628.3
GILLIAM,2000,52.6,0,52.6,0,0,0,0,0,263.2,157.9,157.9,421.1,631.6
GILLIAM,2001,105.3,0,52.6,0,0,0,210.5,0,52.6,52.6,842.1,263.2,1052.6
GILLIAM,2002,210.5,0,0,0,0,0,52.6,0,52.6,105.3,736.8,52.6,1105.3
GILLIAM,2003,105.3,0,52.6,0,0,0,0,0,210.5,52.6,1210.5,368.4,526.3
GILLIAM,2004,157.9,0,52.6,0,0,0,315.8,0,105.3,0,2315.8,210.5,684.2
GILLIAM,2005,158.7,52.9,105.8,0,0,52.9,264.6,0,370.4,105.8,2645.5,529.1,1005.3
GILLIAM,2006,53.1,0,53.1,0,0,0,0,0,212.2,106.1,1114.1,477.5,742.7
GILLIAM,2007,371.4,0,53.1,0,0,0,159.2,0,265.3,106.1,1114.1,159.2,530.5
GILLIAM,2008,53.1,53.1,106.1,0,0,159.2,159.2,0,265.3,53.1,477.5,106.1,954.9
GILLIAM,2009,212.2,0,53.1,0,0,0,0,0,424.4,53.1,689.7,0,1167.1
GILLIAM,2010,0,0,267.4,0,0,0,160.4,0,53.5,0,1283.4,267.4,641.7
GILLIAM,2011,106.4,0,0,0,0,0,0,0,53.2,53.2,1170.2,266,585.1
GILLIAM,2012,210.5,0,0,0,0,0,0,52.6,157.9,105.3,684.2,315.8,631.6
GILLIAM,2013,154.2,0,0,0,0,0,205.7,0,154.2,0,1028.3,205.7,617
GRANT,1991,50.1,62.6,175.2,0,0,0,37.5,100.1,62.6,125.2,125.2,225.3,363
GRANT,1992,25.4,25.4,114.5,25.4,0,0,89.1,89.1,127.2,152.7,63.6,330.8,623.4
GRANT,1993,12.6,0,163.9,0,0,0,151.3,0,63.1,151.3,25.2,100.9,378.3
GRANT,1994,88.1,50.3,62.9,0,25.2,0,88.1,50.3,100.6,75.5,364.8,163.5,276.7
GRANT,1995,87.4,0,62.4,0,0,0,137.3,0,162.3,87.4,99.9,137.3,237.2
GRANT,1996,62.2,12.4,87.1,0,0,0,87.1,0,174.1,124.4,49.8,248.8,472.6
GRANT,1997,37.1,24.8,37.1,0,0,24.8,61.9,0,99,173.3,123.8,136.1,408.4
GRANT,1998,24.6,12.3,49.3,0,0,0,0,0,86.2,73.9,234,98.5,332.5
GRANT,1999,163.5,0,37.7,0,12.6,0,62.9,50.3,100.6,113.2,226.4,188.7,729.6
GRANT,2000,150.9,12.6,50.3,12.6,0,0,62.9,0,62.9,12.6,188.7,113.2,1974.8
GRANT,2001,243.6,12.8,51.3,0,0,0,64.1,12.8,89.7,38.5,179.5,64.1,2282.1
GRANT,2002,167.7,25.8,64.5,0,0,25.8,51.6,0,245.2,64.5,322.6,271,2038.7
GRANT,2003,39.2,0,104.6,13.1,0,0,65.4,0,91.5,26.1,143.8,196.1,1856.2
GRANT,2004,64.5,0,51.6,12.9,12.9,0,25.8,12.9,180.6,77.4,258.1,412.9,2129
GRANT,2005,13,13,91.1,0,0,0,91.1,0,130.1,26,169.2,234.2,1626.5
GRANT,2006,65.5,0,39.3,0,0,0,65.5,0,78.6,39.3,157.3,196.6,1926.6
GRANT,2007,105.5,0,26.4,13.2,0,0,79.2,13.2,118.7,39.6,211.1,184.7,2533
GRANT,2008,119.5,13.3,39.8,0,13.3,0,53.1,0,106.2,26.6,79.7,119.5,1753
GRANT,2009,132.9,0,53.2,0,0,0,66.4,0,119.6,39.9,146.2,119.6,1421.9
GRANT,2010,53.6,0,40.2,0,0,0,120.6,0,134,13.4,214.5,308.3,1689
GRANT,2011,94,0,40.3,0,0,13.4,201.3,0,53.7,26.8,295.3,134.2,1396
GRANT,2012,107.4,53.7,134.2,0,0,0,26.8,0,120.8,40.3,174.5,241.6,1275.2
GRANT,2013,94.1,0,40.3,0,0,0,94.1,0,94.1,53.8,349.7,282.4,1250.8
HARNEY,1991,14.2,0,128,0,0,0,28.4,42.7,71.1,128,71.1,85.3,0
HARNEY,1992,42.8,14.3,42.8,42.8,0,57.1,128.4,71.3,99.9,156.9,499.3,228.2,57.1
HARNEY,1993,14.2,0,56.7,0,0,0,56.7,28.3,42.5,99.2,198.3,42.5,42.5
HARNEY,1994,55.3,0,55.3,0,27.7,0,69.2,0,55.3,69.2,401.1,249,96.8
HARNEY,1995,27.6,0,69.1,0,27.6,13.8,110.5,0,193.4,110.5,386.7,138.1,138.1
HARNEY,1996,27.8,0,13.9,0,0,0,27.8,0,69.4,97.2,666.7,222.2,97.2
HARNEY,1997,152.8,0,41.7,0,0,0,152.8,0,97.2,69.4,138.9,222.2,180.6
HARNEY,1998,202.2,13.5,40.4,13.5,0,0,13.5,0,40.4,148.2,40.4,242.6,215.6
HARNEY,1999,39.8,13.3,53.1,13.3,0,0,53.1,39.8,265.3,145.9,265.3,79.6,450.9
HARNEY,2000,171.1,13.2,39.5,0,26.3,0,26.3,0,184.2,13.2,434.2,197.4,144.7
HARNEY,2001,250,39.5,65.8,26.3,39.5,39.5,302.6,13.2,105.3,52.6,578.9,197.4,578.9
HARNEY,2002,184.2,0,210.5,13.2,13.2,0,65.8,0,131.6,13.2,618.4,223.7,618.4
HARNEY,2003,164.4,0,109.6,13.7,41.1,0,27.4,0,205.5,27.4,274,137,369.9
HARNEY,2004,196.1,0,169.9,0,0,0,104.6,0,117.6,26.1,575.2,143.8,745.1
HARNEY,2005,195.8,13.1,195.8,13.1,0,0,117.5,0,104.4,26.1,391.6,182.8,587.5
HARNEY,2006,91.3,0,65.2,0,0,0,156.5,0,78.2,26.1,130.4,208.6,651.9
HARNEY,2007,260.4,0,169.3,65.1,0,0,117.2,0,91.1,26,312.5,338.5,599
HARNEY,2008,155.7,0,207.7,0,0,0,90.9,0,103.8,26,194.7,181.7,636
HARNEY,2009,155.5,0,103.7,38.9,0,0,64.8,13,64.8,25.9,505.5,272.2,583.3
HARNEY,2010,94,0,67.2,13.4,0,13.4,188,0,53.7,13.4,671.6,147.8,644.7
HARNEY,2011,94.9,27.1,94.9,0,0,0,108.5,0,94.9,81.4,691.5,298.3,2074.6
HARNEY,2012,54.7,13.7,54.7,0,0,13.7,95.7,0,205.1,27.3,956.9,191.4,2337.7
HARNEY,2013,110.2,0,27.5,13.8,0,0,110.2,0,68.9,27.5,881.5,275.5,1721.8
HOOD RIVER,1991,70.5,0,135.2,0,70.5,0,99.9,94.1,329.2,299.8,270.4,111.7,4403.3
HOOD RIVER,1992,97.3,11.4,137.3,0,17.2,0,160.2,205.9,274.6,268.9,429.1,240.3,4708.2
HOOD RIVER,1993,55.7,0,183.8,27.9,22.3,0,150.4,211.7,200.6,306.4,529.2,195,4195
HOOD RIVER,1994,81.6,10.9,70.7,27.2,38.1,0,76.2,16.3,266.6,190.4,467.9,223.1,4200.2
HOOD RIVER,1995,100.6,15.9,47.6,5.3,0,0,90,15.9,132.3,195.9,360,180,4266.8
HOOD RIVER,1996,119.1,10.4,82.9,0,20.7,0,98.4,15.5,170.9,212.3,191.6,181.3,4386.3
HOOD RIVER,1997,51.3,0,61.6,5.1,25.7,0,133.4,56.4,220.6,271.9,271.9,205.2,3340.2
HOOD RIVER,1998,100.6,0,60.4,5,25.2,5,60.4,10.1,140.8,231.4,145.9,221.3,3013.1
HOOD RIVER,1999,138.3,0,44.5,4.9,19.8,0,39.5,19.8,138.3,202.6,182.8,192.7,3414
HOOD RIVER,2000,141.5,0,48.8,4.9,19.5,0,29.3,9.8,107.3,73.2,243.9,131.7,2951.2
HOOD RIVER,2001,165,14.6,19.4,14.6,24.3,9.7,58.3,19.4,106.8,58.3,184.5,77.7,3262.1
HOOD RIVER,2002,122.2,4.9,34.2,9.8,14.7,4.9,39.1,44,122.2,68.5,308.1,58.7,3124.7
HOOD RIVER,2003,175.6,4.9,48.8,9.8,14.6,0,34.1,14.6,141.5,63.4,409.8,161,3024.4
HOOD RIVER,2004,156.8,4.8,57,4.8,23.8,0,104.5,9.5,99.8,57,517.8,118.8,2764.8
HOOD RIVER,2005,113.3,4.7,37.8,0,14.2,0,47.2,4.7,160.5,33.1,486.3,127.5,2389
HOOD RIVER,2006,140.6,14.1,51.6,0,0,0,42.2,0,159.4,37.5,304.7,65.6,2465.4
HOOD RIVER,2007,97.8,9.3,74.5,0,0,4.7,37.3,0,121.1,37.3,260.8,51.2,2016.8
HOOD RIVER,2008,55.5,4.6,18.5,4.6,4.6,0,60.1,4.6,203.5,41.6,245.1,37,2270.5
HOOD RIVER,2009,87.5,0,32.2,0,13.8,0,36.8,4.6,115.1,27.6,174.9,105.9,2665.1
HOOD RIVER,2010,40.2,13.4,44.7,4.5,13.4,0,40.2,8.9,143,49.1,143,35.7,2206.8
HOOD RIVER,2011,84,17.7,30.9,8.8,8.8,0,22.1,17.7,39.8,44.2,176.8,44.2,2377.9
HOOD RIVER,2012,100.5,0,39.3,0,30.6,0,52.5,0,104.9,52.5,327.9,78.7,2539.9
HOOD RIVER,2013,90.1,0,47.2,4.3,17.2,0,21.5,0,124.5,30,455,90.1,2455.5
JACKSON,1991,62.9,6,92.8,12.6,25.2,5.3,131.8,61.6,280.9,19.2,296.2,88.1,2879.5
JACKSON,1992,87.8,10.3,81.3,7.1,37.4,3.9,186.5,60.7,264.6,30.3,393.7,107.1,2590.7
JACKSON,1993,99.4,11.3,106.3,15.7,45.3,3.8,139.6,40.9,225.8,19.5,483.6,126.4,2426.1
JACKSON,1994,106.4,11.6,82.6,23.9,48.9,8,137.6,18.3,250.8,17.7,737.7,170,2209.9
JACKSON,1995,122.5,19.7,83.7,18.5,57.4,3.6,145.8,16.1,260,26.9,720.7,180.5,2211.8
JACKSON,1996,86.7,14.1,75,13.5,39.8,1.2,127.2,22.3,226.2,23.4,444.7,133.6,2434.7
JACKSON,1997,80.1,9.2,68.6,5.8,27.7,5.2,126.8,20.2,213.9,15.6,583.4,139.5,2338.3
JACKSON,1998,82.7,6.2,61.2,7.4,27.2,2.8,88.9,10.8,166.5,33.4,398.7,82.7,2230.8
JACKSON,1999,121.9,2.8,49,6.1,14.5,5.6,65.7,8.9,188.7,35.6,397.5,78.5,2178.1
JACKSON,2000,119.1,6,59.8,5.5,15.9,1.1,45,11,147.6,45,519.8,95.5,2158.6
JACKSON,2001,129.4,4.3,55.2,4.3,20,1.1,71.5,27.6,154.8,53.1,474.8,90.4,2170.5
JACKSON,2002,110.3,4.8,52.8,2.1,13.3,2.1,74.6,15.5,143.4,57.6,481.9,52.2,2133.3
JACKSON,2003,141.2,9.5,65.6,6.9,23.3,2.1,58.2,25.4,172.4,48.7,526.7,89.9,1953.5
JACKSON,2004,137,7.3,76.9,8.4,20.9,3.7,81.6,15.2,241.6,56.5,603,89.4,2006.8
JACKSON,2005,139.8,8.7,55.5,8.2,26.2,2.1,79.7,13.9,207.2,66.3,460.6,87.4,1748.5
JACKSON,2006,114.3,4.5,76.5,7,23.2,3,89.1,13.6,203.4,57.4,419.4,85.6,1808.5
JACKSON,2007,140.4,4.9,75.1,4.9,28.2,5.4,65.2,11.9,184.4,60.3,419.7,74.1,1851.1
JACKSON,2008,132.5,4.4,88.6,1.9,23.9,3.4,54.1,13.2,138.3,40.9,254.7,79.9,1873.8
JACKSON,2009,101.4,1,58.5,0.5,19.3,2.9,53.6,15.5,168.6,35.7,310.1,91.3,1769
JACKSON,2010,99.8,6.9,66.4,3,20.2,0.5,62,9.8,160.3,41.8,405.7,102.8,1812.2
JACKSON,2011,104.9,3.9,64.2,2.5,18.6,2.9,70.1,13.7,173.1,52.5,561.4,110.3,1937.7
JACKSON,2012,131,4.9,80.1,3.9,28.8,3.4,76.7,8.3,212.1,51.8,660.2,129.5,1837.5
JACKSON,2013,52.3,2.4,36.8,1,18.9,1,63,5.3,126,25.2,181.8,45.6,414.9
JEFFERSON,1991,41.7,6.9,62.5,0,41.7,13.9,118.1,76.4,236.3,945.1,264.1,90.3,5913.8
JEFFERSON,1992,167.4,73.7,140.7,0,13.4,13.4,261.2,140.7,274.6,1058.3,415.3,261.2,4862.7
JEFFERSON,1993,155.4,6.5,71.2,19.4,25.9,13,446.9,84.2,297.9,1055.7,641.2,272,3911.9
JEFFERSON,1994,183.6,55.1,73.4,61.2,55.1,6.1,177.5,67.3,134.6,1285.2,569.2,299.9,3910.6
JEFFERSON,1995,188.1,11.8,129.3,70.5,47,5.9,229.3,99.9,329.2,1458,587.9,311.6,4920.6
JEFFERSON,1996,224.5,23,115.1,5.8,57.6,0,287.9,5.8,293.6,1243.5,926.9,287.9,4369.6
JEFFERSON,1997,222.5,33.4,166.9,33.4,5.6,0,272.5,0,144.6,1045.6,667.4,289.2,3426
JEFFERSON,1998,168.5,5.4,114.1,21.7,43.5,5.4,195.7,43.5,108.7,608.7,369.6,222.8,3760.9
JEFFERSON,1999,192.3,26.7,69.4,5.3,10.7,0,101.5,16,96.2,379.3,288.5,165.6,4268.2
JEFFERSON,2000,120.1,15.7,57.4,15.7,36.6,0,57.4,15.7,104.4,94,329,88.8,3597.9
JEFFERSON,2001,164.9,5.2,61.9,20.6,0,0,113.4,5.2,113.4,56.7,396.9,170.1,3577.3
JEFFERSON,2002,186.4,10.1,115.9,35.3,15.1,10.1,105.8,5,60.5,90.7,372.8,105.8,3586.9
JEFFERSON,2003,120.6,15.1,85.4,25.1,25.1,0,60.3,0,135.7,80.4,346.7,175.9,2894.5
JEFFERSON,2004,138.3,4.9,88.9,9.9,34.6,0,69.1,9.9,88.9,113.6,301.2,143.2,2879
JEFFERSON,2005,135.9,9.7,68,24.3,9.7,4.9,48.5,4.9,126.2,77.7,432,267,2582.5
JEFFERSON,2006,182.2,14,51.4,4.7,9.3,4.7,18.7,4.7,112.1,88.7,200.8,210.2,2624.9
JEFFERSON,2007,113.5,0,45.4,13.6,0,4.5,63.5,0,95.3,63.5,254.2,108.9,2501.1
JEFFERSON,2008,124.7,13.4,106.9,8.9,22.3,0,80.2,0,111.4,66.8,169.3,124.7,2392
JEFFERSON,2009,154.1,8.8,48.4,4.4,57.2,4.4,44,13.2,110.1,39.6,202.5,145.3,2606.2
JEFFERSON,2010,133.3,13.8,55.2,9.2,46,4.6,69,9.2,174.7,59.8,271.3,114.9,2358.6
JEFFERSON,2011,155.6,13.7,54.9,13.7,22.9,0,96.1,4.6,82.4,32,279.2,174,2545.2
JEFFERSON,2012,123.1,13.7,50.1,4.6,13.7,0,91.2,4.6,104.8,31.9,273.5,159.5,2178.7
JEFFERSON,2013,113.4,13.6,49.9,9.1,4.5,4.5,49.9,0,59,40.8,177,86.2,1197.8
JOSEPHINE,1991,62,9.3,58.9,10.8,24.8,9.3,130.1,32.5,193.6,322.2,456.9,202.9,2932.2
JOSEPHINE,1992,62.6,9.2,82.5,4.6,32.1,9.2,183.3,26,120.6,519.2,522.3,198.5,2758.1
JOSEPHINE,1993,112.6,5.9,59.3,17.8,20.7,7.4,120,44.5,182.3,558.7,603.1,235.6,2794.9
JOSEPHINE,1994,96.6,10.1,51.9,8.6,40.4,4.3,145.6,17.3,191.7,446.8,760.9,265.2,2977.4
JOSEPHINE,1995,117.8,35.1,64.5,18.2,46.3,5.6,162.7,7,235.7,310,582.1,230,2205.1
JOSEPHINE,1996,113.4,23.5,74.7,15.2,48.4,0,141.1,13.8,160.4,499.3,445.4,195,2575.4
JOSEPHINE,1997,144.4,19.1,94,13.6,23.2,5.4,175.7,27.2,216.6,453.6,739.7,340.6,2462.9
JOSEPHINE,1998,118.2,10.7,34.9,12.1,49.7,1.3,104.8,22.8,182.7,240.5,389.6,227.1,2411.7
JOSEPHINE,1999,129,12,42.5,2.7,34.6,1.3,71.8,18.6,182.2,163.5,388.2,231.4,2341.4
JOSEPHINE,2000,161.7,9.2,28.9,7.9,35.5,1.3,81.5,5.3,159.1,38.1,365.5,123.6,2627.2
JOSEPHINE,2001,150.9,6.5,56,5.2,26,2.6,62.5,6.5,184.8,48.1,441.1,149.6,2654.5
JOSEPHINE,2002,109.5,5.2,50.2,7.7,21.9,9,67,10.3,122.3,72.1,540.9,186.7,2562.8
JOSEPHINE,2003,114.9,8.9,45.9,11.5,39.6,3.8,77.9,5.1,224.6,52.3,537.3,135.3,2256.5
JOSEPHINE,2004,96.7,7.6,38.2,7.6,20.4,0,70,1.3,230.3,58.5,568.7,81.4,2115.8
JOSEPHINE,2005,95.4,8.8,43.9,13.8,36.4,2.5,87.9,3.8,214.7,51.5,414.3,269.9,2474.7
JOSEPHINE,2006,124.5,8.6,33.3,1.2,38.2,3.7,87.5,7.4,239.1,74,326.7,252.7,2344.5
JOSEPHINE,2007,100.7,3.6,37.6,14.6,42.5,2.4,85,7.3,202.7,54.6,372.6,95.9,1982
JOSEPHINE,2008,152.5,6,44.4,1.2,22.8,7.2,82.8,4.8,172.9,73.2,267.7,99.7,2138.3
JOSEPHINE,2009,145.8,2.4,40.6,7.2,22.7,3.6,82.5,0,142.2,64.5,326.3,99.2,2380.9
JOSEPHINE,2010,130.5,6,54.4,9.7,27.8,0,71.3,3.6,123.2,47.1,422.8,126.8,1949.9
JOSEPHINE,2011,134,4.8,70,7.2,42.3,1.2,97.8,7.2,178.7,80.9,456.4,144.9,1971.7
JOSEPHINE,2012,111.1,4.8,29,12.1,50.7,2.4,89.4,1.2,134.1,49.5,268.2,93,1559.6
JOSEPHINE,2013,85.7,8.5,33.8,6,26.6,2.4,91.8,0,184.7,43.5,413,128,1100
KLAMATH,1991,94.4,18.9,60,5.1,49.8,3.4,180.1,48,197.3,259,358.6,217.9,3621.5
KLAMATH,1992,86.9,15.3,23.8,8.5,51.1,1.7,166.9,13.6,139.7,226.5,250.4,161.8,2478.3
KLAMATH,1993,119.1,16.8,36.9,6.7,21.8,1.7,172.7,21.8,135.8,167.7,286.8,231.4,2336.1
KLAMATH,1994,138.6,18.2,41.3,9.9,62.7,5,150.2,14.9,250.9,204.7,406,239.3,2903.1
KLAMATH,1995,148.7,29.4,50.7,6.5,27.8,19.6,243.5,4.9,341.6,219,611.2,313.8,3479.3
KLAMATH,1996,122.3,9.7,43.5,16.1,37,6.4,188.3,3.2,215.7,217.3,479.6,236.6,3550.6
KLAMATH,1997,132,19.1,71.6,19.1,30.2,0,109.8,11.1,216.4,203.6,628.4,219.5,4314.3
KLAMATH,1998,154.9,9.5,72.7,4.7,25.3,1.6,132.8,9.5,194.5,216.6,510.7,142.3,4400
KLAMATH,1999,210.9,9.4,96,20.5,12.6,0,127.5,12.6,152.7,168.4,401.4,188.9,3796.6
KLAMATH,2000,183.1,3.1,111.1,21.9,32.9,1.6,109.5,1.6,139.3,31.3,474.2,128.3,4170.6
KLAMATH,2001,207.2,10.9,56.1,40.5,28,1.6,135.5,6.2,151.1,48.3,510.9,154.2,4118.4
KLAMATH,2002,215.3,20.1,80.6,34.1,41.8,6.2,103.8,3.1,156.5,43.4,503.5,164.2,3769.2
KLAMATH,2003,213.6,27.9,82,57.3,49.5,4.6,162.5,29.4,190.4,48,554.2,190.4,3993.8
KLAMATH,2004,287,27.8,89.5,29.3,66.4,1.5,114.2,15.4,222.2,38.6,765.4,163.6,3354.9
KLAMATH,2005,241.3,12.3,92.2,40,40,7.7,107.6,12.3,204.4,47.7,587.2,147.6,3773.7
KLAMATH,2006,203.2,27.5,82.5,7.6,26,4.6,134.4,9.2,206.2,64.2,466,181.8,3355
KLAMATH,2007,205.1,19.8,68.4,21.3,51.7,1.5,123.1,25.8,188.4,53.2,509,177.8,3038.8
KLAMATH,2008,220.6,7.6,83.1,13.6,39.3,3,87.6,9.1,169.2,45.3,269,164.7,2577.8
KLAMATH,2009,186.9,13.6,88.9,10.6,34.7,9,104,15.1,168.8,58.8,318,188.4,3189.1
KLAMATH,2010,166.9,15,67.7,25.6,24.1,3,88.7,13.5,129.3,43.6,472.1,192.5,3620.8
KLAMATH,2011,180.2,6,46.6,22.5,30,6,145.7,25.5,210.3,57.1,561.7,259.8,3314.8
KLAMATH,2012,197.8,10.5,70.4,15,59.9,4.5,121.4,21,238.2,40.5,588.9,197.8,2821.4
KLAMATH,2013,161.7,18,70.3,10.5,53.9,9,131.7,15,255.9,32.9,763.4,272.4,2349.9
LAKE,1991,125.7,27.9,55.9,0,0,0,83.8,14,125.7,41.9,97.8,405,5069.8
LAKE,1992,54.8,27.4,82.2,0,0,27.4,54.8,0,301.4,137,137,616.4,4589
LAKE,1993,123,13.7,41,0,0,0,54.6,68.3,136.6,150.3,642.1,560.1,4112
LAKE,1994,80.6,13.4,67.2,0,0,0,134.4,0,107.5,282.3,282.3,537.6,5040.3
LAKE,1995,40.1,13.4,80.2,13.4,13.4,0,133.7,0,160.4,361,200.5,561.5,5066.8
LAKE,1996,80.4,0,67,0,0,0,107.2,0,40.2,227.9,201.1,214.5,3525.5
LAKE,1997,53.6,13.4,80.4,0,0,0,80.4,40.2,67,80.4,201.1,187.7,3525.5
LAKE,1998,40.7,13.6,135.5,13.6,0,0,257.5,67.8,108.4,122,135.5,162.6,3374
LAKE,1999,134.8,0,94.3,13.5,0,0,134.8,0,256.1,121.3,539.1,404.3,3908.4
LAKE,2000,134.2,53.7,147.7,13.4,13.4,0,120.8,0,134.2,13.4,228.2,308.7,3047
LAKE,2001,186.7,26.7,106.7,0,13.3,0,106.7,13.3,186.7,93.3,346.7,293.3,2653.3
LAKE,2002,174.5,0,134.2,0,0,0,268.5,13.4,120.8,0,201.3,375.8,3409.4
LAKE,2003,121.6,27,108.1,0,13.5,0,108.1,13.5,162.2,40.5,243.2,473,3027
LAKE,2004,106.7,26.7,186.7,26.7,0,13.3,160,0,106.7,66.7,133.3,240,3146.7
LAKE,2005,186.5,13.3,133.2,0,26.6,0,133.2,26.6,239.8,79.9,253.2,359.8,2451.7
LAKE,2006,252,0,26.5,0,0,0,66.3,0,198.9,53.1,358.1,411.1,2984.1
LAKE,2007,132.2,13.2,105.8,39.7,0,0,79.3,26.4,185.1,92.5,396.6,475.9,3000.7
LAKE,2008,171.4,0,92.3,13.2,0,0,79.1,26.4,158.2,65.9,540.5,237.3,2821.4
LAKE,2009,197.4,13.2,105.3,0,0,13.2,39.5,26.3,92.1,13.2,526.3,302.6,2855.3
LAKE,2010,139.4,0,101.4,0,0,0,126.7,50.7,114.1,50.7,722.4,354.9,2306.7
LAKE,2011,139.5,12.7,101.5,12.7,0,12.7,164.9,12.7,241,152.2,1255.5,520,2676
LAKE,2012,63.1,12.6,88.4,0,0,0,50.5,0,101,88.4,972.2,441.9,2260.1
LAKE,2013,113.4,12.6,75.6,0,0,0,63,37.8,100.8,37.8,541.6,428.2,1889.2
LANE,1991,52.7,10.4,67.3,7.3,47.9,3.8,165.4,59.6,174.1,272.6,370,131.4,1264.8
LANE,1992,48.9,8.9,60.9,8.9,51,1,140,50.3,169.4,309.3,349,133.5,1071
LANE,1993,56.2,5.4,64.7,11.1,51.5,4.4,127.3,37.4,160.6,158.3,376.9,120.2,951.7
LANE,1994,35.5,11.6,45.5,7.3,44.5,3,122.4,22.2,209,188.5,589,161.9,922.1
LANE,1995,54.2,13.4,46.7,12.4,63.7,4.6,122.2,33,206.1,173.8,554.7,182.3,1093
LANE,1996,64.8,11,46.1,9,72.8,1.9,93.8,23.2,153.1,127.3,485.9,127,1141.4
LANE,1997,80.4,9.5,47.2,12,48.8,3.2,104.2,18.4,171.3,134.6,545.3,122.5,1164.1
LANE,1998,93.8,11,34.2,12.2,38.9,3.5,85.3,31.4,155,128.3,440.8,102,970.7
LANE,1999,93.5,5,32.1,11.2,28,2.5,86.3,32.4,150.2,132.4,510.3,108.4,981.1
LANE,2000,114.8,9,41.1,10.2,33.3,3.7,71.3,26.5,163.6,29,573.9,121.3,1066.8
LANE,2001,113.8,4.6,38.4,12.3,36.2,1.8,68.4,21.2,164.5,26.4,507.8,95.7,994.2
LANE,2002,102.7,3.4,39,7.6,25.3,2.7,76.2,14.6,185,39.9,622.9,111.8,998.3
LANE,2003,84.1,3.6,41.9,12.1,27.3,1.5,68.6,9.4,153,33.7,527.3,121.1,994.2
LANE,2004,76.8,2.7,42,6.9,33.9,1.5,63.6,14.7,145.8,24,505.8,131.7,707.1
LANE,2005,76.8,7.7,38.7,5.1,27.1,0.9,67.5,9.5,169.3,30.3,478.2,210.7,546.3
LANE,2006,82.1,3.5,35,4.7,20.6,2.6,67.4,11.8,168.4,39.4,328.5,196.6,494.5
LANE,2007,81.3,2.3,31.2,5.2,30.9,1.2,74.6,9.9,163.2,42,365.7,175.4,597.7
LANE,2008,76.6,5.8,35.3,4.6,28.9,2.6,70.3,6.9,165.7,37.9,292.6,162.8,602.2
LANE,2009,96.4,4.9,45.7,3.2,30.8,3.2,73.9,4.6,145.8,32.2,293.1,215.4,643.7
LANE,2010,91.8,4.5,45.5,3.1,22.7,4,61.9,4.5,137.2,29,257.1,153.4,699.1
LANE,2011,74.2,3.1,38.8,5.4,20.1,1.7,52.4,4,99.1,34.5,299,163.1,729.4
LANE,2012,63.5,4.8,43.8,1.7,30.8,1.7,53.9,3.1,90.9,32.5,192.8,131.8,470.9
LANE,2013,61.5,2.8,20.5,2.2,28.6,3.1,60.1,3.1,90.4,27,85.1,100.5,308
LINCOLN,1991,218.2,22.6,290.9,112.8,97.8,22.6,564.2,250.8,534.1,361.1,804.9,619.4,4390.7
LINCOLN,1992,149.8,44.2,314.3,71.2,137.5,36.8,685,321.6,807.8,515.6,655.5,557.3,3719.6
LINCOLN,1993,176.6,19.1,319.8,23.9,81.1,11.9,489.3,276.8,472.6,360.4,928.4,527.4,3355.6
LINCOLN,1994,191,32.6,246.9,18.6,97.8,7,600.8,53.6,596.2,293.4,1576.6,593.9,3095
LINCOLN,1995,229.9,38.7,270.8,75.1,122.9,25,607.6,20.5,789.7,330,1531.6,703.2,3839.3
LINCOLN,1996,193.3,38.2,285.4,71.9,96.6,0,485.4,18,640.4,609,1229.2,568.5,3080.9
LINCOLN,1997,224.2,28.9,306.3,95.4,135.4,15.5,452.8,40,728.1,703.7,1025.5,714.8,3018.9
LINCOLN,1998,267.6,31.2,205.2,33.5,82.5,6.7,312.2,31.2,535.2,559.8,773.9,606.6,3285
LINCOLN,1999,301.1,20.2,233.7,56.2,47.2,6.7,227,27,249.4,350.6,658.4,467.4,3098.9
LINCOLN,2000,331.8,13.5,233.2,35.9,51.6,0,168.2,11.2,298.2,89.7,863.2,419.3,4127.8
LINCOLN,2001,295.6,22.4,179.2,35.8,40.3,4.5,224,71.7,405.4,118.7,913.8,436.7,3800.7
LINCOLN,2002,396,15.7,252.8,31.3,62.6,4.5,176.7,31.3,458.6,158.8,888.1,369.1,3407.2
LINCOLN,2003,362.2,17.8,244.4,31.1,57.8,15.6,266.7,31.1,491.1,97.8,1060,442.2,2706.7
LINCOLN,2004,317.6,20.3,164.4,13.5,99.1,15.8,261.3,47.3,421.2,101.4,1121.6,394.1,2837.8
LINCOLN,2005,301.8,18,182.4,18,74.3,4.5,200.4,69.8,513.5,157.6,1267.9,351.3,2580.8
LINCOLN,2006,327.9,31.4,256.1,11.2,60.6,9,258.3,29.2,590.7,116.8,1273.6,422.3,2787.5
LINCOLN,2007,331.6,13.4,300.2,31.4,105.3,9,217.3,60.5,546.7,91.9,1028.5,457.1,3074.2
LINCOLN,2008,252.7,20.1,293,33.5,76,4.5,185.6,13.4,418.2,85,896.8,454,2902.8
LINCOLN,2009,366.9,15.7,268.5,11.2,76.1,15.7,194.6,17.9,326.6,87.2,863.5,389.3,2868
LINCOLN,2010,270.9,13,225.4,6.5,84.5,13,199.4,10.8,251.4,84.5,695.8,346.8,2351.8
LINCOLN,2011,221,15.2,195,2.2,26,6.5,177.7,13,335.8,95.3,899.1,342.3,2443.9
LINCOLN,2012,257,4.3,211.7,2.2,88.6,2.2,263.5,13,440.7,110.2,920.2,365.1,2235.7
LINCOLN,2013,109.5,10.7,120.3,2.1,21.5,2.1,103.1,12.9,154.6,58,232,156.8,536.9
LINN,1991,20.4,0,14,3.2,3.2,1.1,21.5,5.4,27.9,24.7,17.2,8.6,496.4
LINN,1992,18.1,2.1,13.8,2.1,4.3,0,24.5,9.6,33,46.8,33,17,510.7
LINN,1993,11.5,2.1,15.7,3.1,3.1,0,33.6,7.3,29.4,45.1,54.6,32.5,482.7
LINN,1994,31,3.1,16.6,4.1,6.2,1,46.6,5.2,42.4,57.9,40.4,34.1,443.9
LINN,1995,25.4,6.1,9.1,2,9.1,1,29.4,4.1,41.6,46.7,40.6,19.3,785.7
LINN,1996,26,2,9,1,4,0,26,1,35.9,35.9,45.9,23,810.5
LINN,1997,41.4,2,15.8,2,3.9,1,54.2,6.9,50.2,57.1,53.2,39.4,683.3
LINN,1998,43.1,5.9,10.8,5.9,5.9,1,33.3,9.8,36.2,67.6,61.7,48,661.8
LINN,1999,57.4,4.9,26.3,1.9,6.8,1,31.2,4.9,38.9,48.7,54.5,34.1,606.6
LINN,2000,49.3,2.9,22.3,3.9,8.7,0,28.1,1.9,37.7,9.7,46.4,38.7,685.1
LINN,2001,54.1,1.9,19.3,1,7.7,0,55.1,12.6,59.9,16.4,95.7,34.8,830
LINN,2002,49,5.8,30.8,4.8,3.8,0,26.9,5.8,62.5,23.1,100,39.4,688.5
LINN,2003,42.9,1,23.8,2.9,9.5,1,41.9,7.6,58.2,10.5,96.3,32.4,610.1
LINN,2004,44.2,1.9,14.1,1.9,6.6,0,45.1,3.8,68.6,16,148.6,40.4,737.2
LINN,2005,54.1,6.5,28.9,2.8,4.7,0,41.1,3.7,56,24.3,191.3,58.8,737.3
LINN,2006,33.3,0,13.9,4.6,8.3,0,36,2.8,60,12.9,125.6,74.8,739
LINN,2007,57.6,2.7,13.7,3.7,11,0,28.4,1.8,63.1,21,97,48.5,796.7
LINN,2008,42.7,0.9,23.6,0.9,15.4,0.9,27.2,5.4,53.5,25.4,128.9,46.3,794.1
LINN,2009,36.1,2.7,30.7,2.7,4.5,0.9,26.2,5.4,57.7,17.1,120,55,1014.7
LINN,2010,39.4,6,20.5,2.6,8.6,0,28.2,1.7,42.8,12.8,107,64.2,848.2
LINN,2011,32.4,3.4,29,2.6,3.4,0.9,39.2,1.7,60.5,16.2,84.4,54.5,747.4
LINN,2012,29.7,0.8,17.8,0.8,2.5,0.8,30.5,2.5,31.3,11.9,116.1,42.4,772.7
LINN,2013,33.7,3.4,27,1.7,4.2,1.7,27.8,1.7,49.7,11,150.8,75,803.1
MALHEUR,1991,126.5,26,174.9,11.2,18.6,18.6,178.6,67,145.1,353.4,241.8,267.9,2857.1
MALHEUR,1992,140.6,32.5,230.8,14.4,0,0,108.2,108.2,151.5,367.8,321,349.8,3768.5
MALHEUR,1993,169.4,7.1,137.7,38.8,24.7,0,134.1,201.2,187.1,487.1,261.2,278.9,3374.5
MALHEUR,1994,149.5,10.4,111.2,20.9,27.8,0,114.7,152.9,152.9,375.4,173.8,351.1,3333.3
MALHEUR,1995,257.7,0,111.9,13.6,50.9,0,162.8,57.6,240.8,271.3,335.7,301.8,3421.5
MALHEUR,1996,192.4,0,89.6,16.6,56.4,6.6,112.8,19.9,199.1,245.5,222.3,305.2,2893.2
MALHEUR,1997,140.4,9.8,120.8,3.3,32.7,0,104.5,29.4,241.7,267.8,424.6,349.4,2802.1
MALHEUR,1998,115.6,9.6,83.5,9.6,16.1,12.8,138.1,70.6,199.1,195.9,218.4,285.8,2922.3
MALHEUR,1999,140.4,3.2,89.3,0,16,0,70.2,31.9,217,229.7,232.9,347.8,2590.9
MALHEUR,2000,198.4,3.1,100.8,9.4,9.4,12.6,107.1,12.6,154.3,47.2,355.9,207.9,2582.7
MALHEUR,2001,156.3,3.1,75,6.3,15.6,6.3,59.4,3.1,131.3,62.5,384.4,218.8,2071.9
MALHEUR,2002,112.5,0,68.8,18.8,18.8,0,50,21.9,143.8,56.3,396.9,268.8,2284.4
MALHEUR,2003,153.1,3.1,103.1,12.5,9.4,0,53.1,3.1,125,43.8,590.6,187.5,2415.6
MALHEUR,2004,175.8,3.1,113,12.6,12.6,0,84.8,22,147.6,47.1,458.4,238.6,2194.7
MALHEUR,2005,163.5,18.9,78.6,9.4,15.7,0,94.3,12.6,169.8,37.7,393.1,383.6,2323.9
MALHEUR,2006,167.1,3.2,122.9,0,28.4,0,69.3,12.6,167.1,37.8,305.8,375.1,2729.7
MALHEUR,2007,151.8,9.5,120.2,9.5,12.7,3.2,69.6,6.3,136,50.6,253,268.8,2549
MALHEUR,2008,56.8,25.3,63.1,37.9,12.6,9.5,60,12.6,138.9,44.2,192.6,138.9,2235.2
MALHEUR,2009,100.9,6.3,69.4,0,37.8,6.3,59.9,9.5,126.1,28.4,192.3,100.9,1847.4
MALHEUR,2010,118,12.8,79.8,6.4,25.5,3.2,95.7,12.8,60.6,16,239.3,105.3,1891.8
MALHEUR,2011,85.9,3.2,85.9,12.7,19.1,0,82.7,6.4,124,41.3,318,85.9,1752.3
MALHEUR,2012,159.3,3.2,70.1,0,15.9,0,86,6.4,156.1,19.1,334.4,216.6,1563.9
MALHEUR,2013,124,6.4,57.3,3.2,28.6,6.4,73.2,9.5,174.9,44.5,302.2,136.8,1593.5
MARION,1991,70,12.7,65.7,3.8,51.7,9.3,137.4,27.1,101.4,186.2,337.1,105.2,2311.6
MARION,1992,64.4,23.1,85.9,9.9,47.9,2.5,128,30.6,82.2,204.9,334.6,121.4,2246.1
MARION,1993,81.5,13.2,70.7,16.5,49,4,125.6,31.3,108,249.7,282.6,104.8,2154.1
MARION,1994,71.5,18.1,58.9,16.9,49.5,7.1,100.9,13.4,144.5,230.9,343.2,205,2166.1
MARION,1995,77.5,28.8,58.7,10.4,57.6,8.8,90.9,15,146.6,189.9,367.6,186.5,2314.3
MARION,1996,75.1,15.8,57.5,12.4,40.6,1.1,83.8,17.3,115.3,198,298.3,170.2,2119.4
MARION,1997,89,10.7,63.6,8.8,48.6,2.9,92,40.5,136.1,173.6,380.4,114.4,2013.8
MARION,1998,106.5,11.6,43,5.8,34.3,1.1,49.8,22.4,105.4,116.6,269,146.3,2137.2
MARION,1999,95.8,5.3,58.5,2.8,17.4,1.1,49,17,113.5,34.1,295.2,111.8,2009.2
MARION,2000,126.1,6.6,52,8.4,27.9,0.7,65.7,26.5,142.2,45.4,351.7,120.2,1907.8
MARION,2001,142.8,6.2,81.8,9,23.2,2.1,66.9,19.8,150.5,45.1,366.1,113,1550
MARION,2002,125.8,4.8,66.3,14.1,23.4,2.7,62.2,18.9,186.3,41.9,416.2,118.6,1505.5
MARION,2003,137.5,9.8,68.3,15.2,30.8,3,75.7,18.6,179.8,47.3,394.7,121.3,1239.3
MARION,2004,169.5,7.4,61.3,13.7,35.2,1.7,70.7,14.1,164.2,43.2,500.6,157.8,1499.4
MARION,2005,187.7,5.6,72.5,12.6,31.8,3,57.6,11.6,162.2,47,492.8,163.2,1367.3
MARION,2006,188.2,7.8,64.2,11.1,30,2,55.1,15.3,150.3,41.7,388,120.7,1374.1
MARION,2007,194.5,7.7,70.4,8.7,33.4,3.2,58.2,18.6,173.3,43.7,343.7,110.9,1393.3
MARION,2008,169.3,7.6,70.8,10.5,36.5,0.6,57.2,9.8,135.3,29.9,290.9,95.3,1344.4
MARION,2009,141.1,3.5,75.4,7.9,31.1,0.6,56.3,10.7,132.6,34.9,298.9,90.8,1358.1
MARION,2010,105.1,6,79.8,6.6,27.9,2.5,60.5,12,118.4,41.2,291.5,126.6,1252.9
MARION,2011,80.2,5.3,65.7,8.2,22,2.2,48.4,6.9,105.3,40.5,271.3,124.2,1250.4
MARION,2012,83.3,3.7,70.8,6.6,34.6,2.5,55.5,5.9,139.8,30.6,287.4,110.8,1278.3
MARION,2013,70.9,6.5,60.4,6.5,34.4,1.9,56.7,9.3,145.9,28.2,289,111.2,1121.2
MORROW,1991,112.2,0,349.1,12.5,0,0,224.4,49.9,137.2,249.4,486.3,187,299.3
MORROW,1992,85.5,36.6,109.9,0,0,0,280.8,0,134.3,256.4,305.3,158.7,488.4
MORROW,1993,34.8,0,104.5,0,23.2,0,139.4,69.7,185.8,162.6,127.8,185.8,197.4
MORROW,1994,22.8,0,159.8,0,11.4,0,68.5,91.3,148.4,171.2,102.7,376.7,159.8
MORROW,1995,0,33.1,99.4,22.1,0,0,99.4,44.2,165.7,154.7,276.2,143.6,364.6
MORROW,1996,85.9,0,85.9,21.5,0,0,182.6,150.4,204.1,150.4,408.2,247,204.1
MORROW,1997,82.4,0,113.3,0,10.3,10.3,61.8,20.6,133.9,82.4,370.8,154.5,206
MORROW,1998,79,9.9,69.1,0,0,0,108.6,9.9,187.6,167.8,227,128.3,246.8
MORROW,1999,158.4,18.6,74.6,9.3,9.3,0,37.3,28,65.2,158.4,121.2,251.6,419.4
MORROW,2000,216.2,0,108.1,18,9,0,63.1,27,54.1,36,297.3,63.1,1099.1
MORROW,2001,89.7,9,116.6,0,0,0,35.9,62.8,71.7,62.8,278,125.6,852
MORROW,2002,44.4,8.9,97.8,0,0,0,71.1,8.9,106.7,35.6,515.6,133.3,995.6
MORROW,2003,119.1,8.5,102.1,8.5,0,0,25.5,8.5,119.1,76.6,323.4,102.1,800
MORROW,2004,161.7,17,119.1,34,0,8.5,8.5,25.5,110.6,25.5,331.9,110.6,629.8
MORROW,2005,117.2,8.4,83.7,0,0,8.4,41.9,8.4,41.9,25.1,318.1,67,761.8
MORROW,2006,66,0,115.5,0,0,0,90.7,0,82.5,41.2,280.4,74.2,626.8
MORROW,2007,64.9,0,121.6,24.3,0,0,137.8,8.1,178.4,48.6,324.3,113.5,672.9
MORROW,2008,72.1,8,56.1,0,32,16,40,8,96.1,16,256.3,56.1,568.7
MORROW,2009,55.8,15.9,119.6,8,0,8,79.7,0,127.6,31.9,199.4,87.7,677.8
MORROW,2010,53.7,8.9,62.6,0,8.9,0,17.9,8.9,71.6,26.8,250.6,89.5,393.7
MORROW,2011,88.7,8.9,115.4,0,17.7,0,35.5,0,142,44.4,142,53.2,328.3
MORROW,2012,61.9,8.8,44.2,0,0,0,79.6,0,97.3,53.1,212.4,132.7,345.1
MORROW,2013,43.8,8.8,26.3,0,26.3,0,43.8,8.8,35,26.3,183.8,140,393.9
MULTNOMAH,1991,147.8,28.6,86,18.4,142.1,7.2,187,89.6,299.3,54.2,1083.8,168.2,3827.6
MULTNOMAH,1992,173.9,27,101.4,17.3,114.2,6.4,166.8,97.3,303.8,73.9,1322,167.8,3780.9
MULTNOMAH,1993,190.7,35,94.6,22.6,105.5,7.1,137.9,92.3,358.8,71.1,1397.7,164.7,3617.7
MULTNOMAH,1994,121.8,18,51.3,13,66.2,5,96.1,33.1,262.8,92.7,847.7,147.6,3363.6
MULTNOMAH,1995,120.7,17.2,37.2,11.3,65,3.7,99.4,40.5,287.9,161.7,1019.4,150.1,3238
MULTNOMAH,1996,105.7,12.4,42.1,9.9,67,3.4,78.6,32.2,222.5,115.1,864.1,151.1,3115.8
MULTNOMAH,1997,95.9,11,36.4,13.5,59.7,3.2,81.4,51.5,263.7,97,952.4,130.9,3398.3
MULTNOMAH,1998,114.3,9.1,35.5,11.5,56.6,3.4,68,52.3,202.4,121.1,904,128.8,3210.5
MULTNOMAH,1999,163.1,11,40.2,8.8,54.5,2.1,58.6,56,187.4,105.4,947.5,125.9,3070.1
MULTNOMAH,2000,183.1,9.4,38.2,10.4,54.6,4.1,60.8,35,229.2,57.8,843.9,115.2,3113.1
MULTNOMAH,2001,173.9,8.7,44.4,8.9,52.7,2,53.6,36.2,242.8,58.7,687.5,107.9,2702.9
MULTNOMAH,2002,171.7,10.7,38.9,13.3,51,3.1,65.8,27,258,44.3,587.4,112.3,2935.6
MULTNOMAH,2003,154.6,9.9,35.7,16.1,47.1,3.5,77,31.1,297.6,48.5,544.7,116,3710.1
MULTNOMAH,2004,129.6,11.1,38,10.1,55.5,2.9,80.8,32.2,293.6,52.2,671.6,105.7,3491.5
MULTNOMAH,2005,135.8,13.1,47.8,9.1,44.6,1.9,85.3,24.7,297,51.8,821.7,120.1,3395.7
MULTNOMAH,2006,129,9.3,60.2,8.6,51.7,2.6,73.6,11.7,247.3,45,698.5,114.7,3455.4
MULTNOMAH,2007,110.7,9.3,50.6,8.6,54.9,4.1,63.5,11.8,226.8,43.4,520.3,108.9,3284
MULTNOMAH,2008,117.7,10.7,47.1,7.7,48.3,3.1,59.5,11.3,186.7,34,421.1,96.8,3351.7
MULTNOMAH,2009,94.1,8.6,56.9,5.4,42.6,2.1,48.3,9.2,146.4,32,363.3,103.8,3186.4
MULTNOMAH,2010,81.7,12.4,48.9,7.2,42.9,1.4,51.2,4.9,150.9,30.3,307.1,108.9,2812.4
MULTNOMAH,2011,78.3,6.5,43,5,35,2.4,53.4,10.1,142.5,26.7,350.2,115.2,2622.8
MULTNOMAH,2012,71.6,10.6,37.7,6.5,44,2.4,55.6,4.5,150.8,27.8,407.5,127.3,2791.8
MULTNOMAH,2013,82.7,8.9,40.1,3.3,35.3,1.7,53.1,7.8,153.5,28.8,479.8,105.5,2666.4
POLK,1991,37,9.7,68.2,9.7,17.5,7.8,74.1,25.3,72.1,237.8,265.1,93.5,1262.9
POLK,1992,49.3,13.3,62.5,9.5,20.8,0,56.9,17.1,77.7,229.3,149.7,102.4,1139.1
POLK,1993,48.3,14.9,55.7,3.7,5.6,3.7,52,18.6,50.1,191.2,154.1,79.8,1049
POLK,1994,50.3,10.8,50.3,7.2,9,0,48.5,5.4,95.2,159.8,183.2,114.9,1210.3
POLK,1995,68.8,15.9,45.9,8.8,38.8,3.5,83,5.3,130.6,199.4,284.2,144.7,1523.1
POLK,1996,70.9,20.7,74.3,8.6,6.9,0,88.2,3.5,140,321.5,183.2,171.1,1400.2
POLK,1997,77.5,13.5,52.2,18.5,21.9,0,117.9,20.2,126.3,328.4,390.8,190.3,1497.4
POLK,1998,80.6,8.2,47.7,8.2,14.8,0,55.9,9.9,88.8,179.2,161.2,118.4,1284.3
POLK,1999,136.1,4.9,30.8,11.3,4.9,8.1,59.9,6.5,77.8,131.2,215.5,103.7,1456.6
POLK,2000,141.9,3.2,52.6,3.2,11.2,1.6,55.8,14.4,102.1,35.1,358.9,127.6,1448.2
POLK,2001,130.5,1.6,44,3.1,26.7,1.6,59.7,3.1,163.5,33,470.1,158.8,1323.9
POLK,2002,89.8,4.7,70.9,7.9,11,4.7,70.9,7.9,130.8,14.2,416.1,122.9,1487.8
POLK,2003,92.2,4.7,79.7,0,20.3,3.1,70.3,1.6,125,43.8,325,112.5,1373.4
POLK,2004,115.5,6.2,84.7,0,6.2,0,52.3,7.7,100.1,37,324.9,57,1401.1
POLK,2005,124.9,3,76.1,0,3,0,68.5,13.7,129.4,15.2,332,99,1315.7
POLK,2006,117,7.5,94.5,3,16.5,3,78,10.5,147,24,325.5,78,1573.4
POLK,2007,131.8,1.5,72.6,10.4,5.9,3,60.7,16.3,124.4,34.1,271.1,100.7,1636.9
POLK,2008,137.8,10.3,90.9,4.4,11.7,4.4,41,8.8,118.7,35.2,219.8,92.3,1560.8
POLK,2009,133.8,2.9,88.7,8.7,10.2,1.5,71.2,7.3,111.9,27.6,359.1,106.1,1456.7
POLK,2010,99.3,6.6,95.4,2.6,10.6,4,50.3,10.6,91.4,15.9,251.7,80.8,1302.1
POLK,2011,77.7,3.9,61.9,1.3,5.3,2.6,63.2,5.3,107.9,17.1,271.2,90.8,1466.5
POLK,2012,83.5,2.6,54.8,2.6,5.2,5.2,67.9,13.1,105.7,20.9,318.4,109.6,1463
POLK,2013,81.7,1.3,46.7,0,6.5,0,44.1,13,115.5,14.3,263.4,122,1278.1
SHERMAN,1991,51.8,0,0,0,0,0,207.3,103.6,518.1,103.6,725.4,466.3,3160.6
SHERMAN,1992,51.5,0,51.5,51.5,0,0,463.9,257.7,567,309.3,257.7,206.2,3453.6
SHERMAN,1993,355.3,101.5,710.7,50.8,0,0,50.8,152.3,253.8,253.8,406.1,50.8,2791.9
SHERMAN,1994,0,0,359,0,0,0,153.8,0,512.8,307.7,205.1,769.2,1846.2
SHERMAN,1995,101,0,50.5,50.5,0,0,252.5,202,353.5,353.5,656.6,303,1111.1
SHERMAN,1996,0,0,520.8,0,0,0,52.1,104.2,104.2,364.6,1250,104.2,677.1
SHERMAN,1997,364.6,52.1,52.1,0,52.1,0,104.2,0,416.7,729.2,729.2,364.6,677.1
SHERMAN,1998,364.6,0,0,156.3,0,0,52.1,156.3,312.5,156.3,364.6,52.1,937.5
SHERMAN,1999,310.9,0,207.3,0,51.8,0,0,0,207.3,51.8,310.9,207.3,4145.1
SHERMAN,2000,51.3,153.8,205.1,51.3,0,0,461.5,0,102.6,51.3,51.3,410.3,6256.4
SHERMAN,2001,157.9,0,52.6,0,0,0,52.6,0,315.8,105.3,736.8,157.9,5473.7
SHERMAN,2002,324.3,0,108.1,0,0,0,162.2,0,162.2,54.1,540.5,162.2,6000
SHERMAN,2003,157.9,52.6,0,0,0,0,368.4,52.6,105.3,0,736.8,368.4,5421.1
SHERMAN,2004,368.4,105.3,105.3,0,0,0,52.6,0,368.4,105.3,210.5,368.4,7105.3
SHERMAN,2005,372.3,53.2,106.4,0,53.2,0,0,53.2,212.8,0,212.8,159.6,6436.2
SHERMAN,2006,107.2,53.6,53.6,0,53.6,53.6,0,160.9,214.5,53.6,643.4,321.7,5415.5
SHERMAN,2007,53.9,0,53.9,0,53.9,0,53.9,0,323.5,53.9,1671.2,215.6,5390.8
SHERMAN,2008,54.2,54.2,108.4,0,0,0,108.4,0,271,108.4,921.4,108.4,3739.8
SHERMAN,2009,109.3,54.6,0,0,0,0,109.3,0,163.9,218.6,2076.5,218.6,3551.9
SHERMAN,2010,113.3,0,0,0,0,0,113.3,0,226.6,56.7,2436.3,453.3,3286.1
SHERMAN,2011,56.7,0,0,0,0,0,0,0,453.3,170,3059.5,509.9,4702.5
SHERMAN,2012,113.3,0,170,0,0,0,170,0,509.9,396.6,2436.3,56.7,3796
SHERMAN,2013,280.9,0,56.2,0,0,0,0,0,449.4,112.4,2303.4,168.5,3146.1
TILLAMOOK,1991,118.3,22.7,54.6,9.1,31.8,9.1,336.7,72.8,236.6,354.9,168.3,195.6,3662.4
TILLAMOOK,1992,107.9,13.5,125.8,13.5,0,13.5,170.8,44.9,148.3,449.4,139.3,283.1,3973
TILLAMOOK,1993,127.5,8.8,131.9,4.4,13.2,26.4,329.7,13.2,87.9,307.7,105.5,320.9,3617.6
TILLAMOOK,1994,138.5,0,47.6,17.3,17.3,0,268.4,0,173.2,376.6,246.8,303,3229.4
TILLAMOOK,1995,101.9,8.5,110.4,12.7,0,12.7,144.4,4.2,165.6,365.2,182.6,327,3104
TILLAMOOK,1996,100.3,4.2,100.3,12.5,16.7,8.4,171.3,4.2,108.6,112.8,204.7,342.5,2936.5
TILLAMOOK,1997,136.5,4.1,78.6,0,0,0,140.7,20.7,99.3,29,235.8,231.7,3711.2
TILLAMOOK,1998,91.2,4.1,66.4,12.4,12.4,0,99.5,16.6,116.1,20.7,257.2,261.3,3662.4
TILLAMOOK,1999,156.9,24.8,49.5,4.1,8.3,12.4,78.4,4.1,123.9,41.3,334.4,210.6,2411.2
TILLAMOOK,2000,127.6,4.1,123.5,20.6,0,12.3,78.2,4.1,98.8,24.7,296.3,185.2,2465
TILLAMOOK,2001,85.4,8.1,52.8,4.1,4.1,4.1,77.2,8.1,56.9,16.3,329.3,162.6,2329.3
TILLAMOOK,2002,77.2,8.1,89.4,44.7,16.3,0,101.6,0,93.5,32.5,313,260.2,2597.6
TILLAMOOK,2003,84.3,8,92.4,8,28.1,4,104.4,4,112.4,32.1,353.4,265.1,2317.3
TILLAMOOK,2004,60.1,8,44.1,0,0,12,76.2,4,116.2,36.1,260.5,156.3,2617.2
TILLAMOOK,2005,103.2,4,67.4,4,15.9,0,123,4,154.7,39.7,261.9,372.9,2650.3
TILLAMOOK,2006,58.8,11.8,86.2,3.9,11.8,3.9,66.6,15.7,125.3,43.1,430.9,270.3,2538.2
TILLAMOOK,2007,58,3.9,61.9,19.3,7.7,7.7,104.5,3.9,116.1,38.7,452.7,181.9,2398.9
TILLAMOOK,2008,53.7,0,61.4,15.3,7.7,3.8,69.1,7.7,107.4,53.7,226.4,176.5,2555.6
TILLAMOOK,2009,42.1,11.5,57.4,3.8,3.8,3.8,88,3.8,103.3,11.5,179.9,137.8,2675.1
TILLAMOOK,2010,27.7,15.8,102.9,7.9,4,0,130.6,7.9,95,43.5,205.9,126.7,2490.1
TILLAMOOK,2011,63.4,0,102.9,4,4,0,106.9,7.9,122.7,23.8,209.9,158.4,2023.4
TILLAMOOK,2012,43.5,0,71.1,0,7.9,0,94.8,4,122.5,35.6,241.1,189.7,2181.4
TILLAMOOK,2013,27.6,0,51.2,15.8,31.5,3.9,55.2,11.8,90.6,23.6,260.1,130,1576.4
UMATILLA,1991,76.1,9.9,79.4,5,19.9,1.7,120.8,61.2,143.9,258.1,228.3,251.5,1495.7
UMATILLA,1992,56.6,11.3,63.1,12.9,30.7,8.1,145.6,58.2,174.7,287.9,160.1,245.8,1327.8
UMATILLA,1993,60.1,11.1,102.8,7.9,22.2,0,155.1,57,178.8,363.9,219.9,297.5,1006.3
UMATILLA,1994,66.8,15.5,63.7,9.3,21.8,1.6,113.4,14,144.5,239.3,186.5,332.5,840.6
UMATILLA,1995,42.7,18.3,45.8,9.2,30.5,0,88.5,15.3,146.5,207.6,384.7,346.5,877.7
UMATILLA,1996,83.1,9.1,77.1,10.6,34.7,3,78.6,19.6,128.4,208.5,386.8,353.5,927.6
UMATILLA,1997,58.5,16.5,63,13.5,13.5,3,90,16.5,151.4,283.4,392.9,404.9,965.7
UMATILLA,1998,148,13.2,70.3,11.7,17.6,5.9,127.5,19,153.8,234.4,534.8,665.2,2218.3
UMATILLA,1999,174.7,12.9,81.6,1.4,18.6,2.9,110.3,20,160.4,134.6,405.3,382.4,1817.3
UMATILLA,2000,179.3,18.3,88.9,5.6,25.4,1.4,83.3,19.8,156.7,39.5,358.5,245.6,2539.2
UMATILLA,2001,135.4,16.9,56.4,9.9,7.1,5.6,119.9,48,203.1,64.9,499.3,280.7,1919.6
UMATILLA,2002,185.9,9.9,54.9,15.5,15.5,5.6,97.2,28.2,185.9,53.5,914.1,232.4,1718.3
UMATILLA,2003,122.4,14.1,42.2,9.8,8.4,2.8,115.3,5.6,215.2,49.2,440.2,104.1,1604.8
UMATILLA,2004,117.6,23.5,65.1,2.8,27.7,4.2,120.4,12.5,153.6,60.9,1122.5,131.5,1435.3
UMATILLA,2005,154.7,13.8,77.4,12.4,19.3,1.4,143.7,13.8,189.2,44.2,768,350.9,1588.5
UMATILLA,2006,102.5,6.9,70.6,5.5,15.2,5.5,90,13.9,181.5,45.7,723.1,181.5,1540.4
UMATILLA,2007,119,11.1,48.4,4.2,23.5,6.9,87.2,16.6,173,47.1,566.1,227,1204.2
UMATILLA,2008,142.3,4.1,42.8,4.1,37.3,2.8,145.1,16.6,168.6,33.2,415.9,192,1467.3
UMATILLA,2009,121.5,4.1,31.8,0,42.8,0,71.8,8.3,107.7,40,349.3,205.7,1503.5
UMATILLA,2010,102.6,5.3,31.6,1.3,14.5,0,57.9,6.6,92.1,34.2,421.1,138.2,1221.1
UMATILLA,2011,103.2,7.8,39.2,1.3,20.9,0,47,2.6,120.1,61.4,399.6,197.2,1493.9
UMATILLA,2012,79.1,5.2,32.4,5.2,13,0,57.1,3.9,129.7,59.6,330.7,238.6,1143.7
UMATILLA,2013,82.2,5.1,35.9,1.3,14.1,2.6,61.6,2.6,125.8,46.2,444.2,245.2,1152.8
UNION,1991,96.1,0,125.3,0,62.7,12.5,263.2,100.3,204.7,154.6,121.1,233.9,3329.2
UNION,1992,45.7,0,133,8.3,29.1,4.2,220.3,37.4,278.5,170.4,216.1,303.4,2427.3
UNION,1993,52.8,16.2,101.5,0,16.2,12.2,117.8,52.8,316.8,125.9,73.1,186.8,2408.6
UNION,1994,120.6,12.1,96.5,4,12.1,0,156.8,32.2,237.1,196.9,293.4,184.9,2709
UNION,1995,64.3,8,72.4,4,32.2,16.1,160.8,8,321.7,265.4,534.8,337.8,2593.5
UNION,1996,120.7,16.1,140.8,16.1,24.1,20.1,241.4,8,289.6,132.7,313.8,301.7,2498
UNION,1997,165,12.1,161,28.2,16.1,8,197.2,24.1,499,177.1,619.7,458.8,2466.8
UNION,1998,105.4,4.1,109.4,4.1,20.3,16.2,186.5,28.4,158.1,133.8,324.3,283.7,2513.2
UNION,1999,93.6,0,57,8.1,8.1,0,81.4,8.1,138.3,65.1,317.3,231.9,2522.4
UNION,2000,158.9,0,77.4,4.1,4.1,4.1,130.3,8.1,158.9,4.1,293.3,179.2,2855.4
UNION,2001,114.1,12.2,85.5,8.1,12.2,8.1,101.8,12.2,187.4,8.1,301.4,162.9,2928.7
UNION,2002,146.3,4.1,65,8.1,16.3,4.1,52.8,4.1,178.9,12.2,374,178.9,2313
UNION,2003,113.6,8.1,125.8,0,16.2,12.2,133.9,4.1,174.4,24.3,503,178.5,2486.8
UNION,2004,112.7,8,76.5,0,4,0,92.6,8,233.4,44.3,470.8,104.6,2660
UNION,2005,152.3,0,52.1,12,12,4,60.1,4,172.3,24,440.9,152.3,2801.6
UNION,2006,139.4,0,123.5,0,8,0,115.5,4,111.5,43.8,262.8,127.4,2345.7
UNION,2007,75.2,0,59.4,0,0,0,99,0,114.9,31.7,261.4,126.7,1984.2
UNION,2008,74.9,3.9,55.2,0,7.9,0,59.1,15.8,130.1,43.4,98.6,98.6,1944
UNION,2009,141.3,19.6,58.9,0,0,0,94.2,15.7,133.5,35.3,172.8,149.2,2049.5
UNION,2010,73.6,0,112.4,0,7.7,0,89.1,0,131.7,50.4,341,131.7,2057.3
UNION,2011,88.5,0,50,3.8,7.7,11.5,111.6,3.8,92.4,84.7,311.8,154,2059.3
UNION,2012,80.2,7.6,91.7,7.6,0,0,137.5,0,114.6,26.7,294.2,183.4,1814.7
UNION,2013,60.8,0,41.8,3.8,0,0,57,3.8,125.4,22.8,281.1,174.7,1720.8
WALLOWA,1991,140.1,0,70,0,0,0,56,14,126.1,84,196.1,140.1,2002.8
WALLOWA,1992,41.4,0,151.7,0,0,0,413.8,0,69,55.2,124.1,151.7,1724.1
WALLOWA,1993,26.9,13.4,188.2,0,13.4,0,134.4,0,40.3,121,53.8,147.8,1733.9
WALLOWA,1994,93.8,0,80.4,13.4,0,13.4,107.2,26.8,134,134,402.1,321.7,1648.8
WALLOWA,1995,13.4,0,40.1,0,0,0,160.4,0,80.2,120.3,213.9,187.2,2205.9
WALLOWA,1996,53.5,13.4,0,0,0,0,26.7,0,187.2,66.8,133.7,107,1657.8
WALLOWA,1997,40.1,26.7,0,0,0,0,107,0,26.7,53.5,93.6,107,1270.1
WALLOWA,1998,68.1,0,27.2,0,0,0,95.4,0,122.6,95.4,163.5,190.7,1852.9
WALLOWA,1999,82.6,0,27.5,0,0,0,27.5,0,68.9,55.1,137.7,110.2,1349.9
WALLOWA,2000,124.1,13.8,27.6,0,13.8,0,41.4,13.8,69,27.6,137.9,110.3,1558.6
WALLOWA,2001,56.3,0,28.2,0,0,0,56.3,0,70.4,0,84.5,112.7,1450.7
WALLOWA,2002,97.9,0,28,0,0,0,83.9,0,181.8,42,69.9,69.9,1566.4
WALLOWA,2003,167.8,0,14,0,0,0,42,0,139.9,28,97.9,69.9,2419.6
WALLOWA,2004,125.9,0,14,0,0,0,195.8,0,83.9,0,321.7,153.8,2615.4
WALLOWA,2005,154.3,0,0,0,0,0,84.2,0,56.1,0,336.6,196.4,2187.9
WALLOWA,2006,56,14,28,0,0,0,112,0,14,14,126.1,154.1,1778.7
WALLOWA,2007,70.1,14,14,0,0,0,56.1,0,70.1,14,42.1,84.2,1669
WALLOWA,2008,126.5,0,42.2,0,0,0,42.2,0,70.3,28.1,70.3,154.6,1419.5
WALLOWA,2009,84.5,0,0,0,0,0,70.4,0,70.4,42.3,84.5,70.4,1464.8
WALLOWA,2010,57.1,0,42.8,0,0,0,142.8,0,57.1,0,142.8,42.8,1641.7
WALLOWA,2011,100.1,0,14.3,14.3,0,0,28.6,0,0,28.6,228.7,114.4,814.9
WALLOWA,2012,57,14.3,14.3,0,0,0,28.5,0,28.5,0,42.8,156.8,1168.9
WALLOWA,2013,42.6,0,42.6,0,0,0,42.6,0,42.6,14.2,42.6,71,1064.6
WASCO,1991,54.1,4.5,148.7,9,4.5,0,130.7,76.6,292.9,414.6,392.1,157.7,4903.1
WASCO,1992,80.2,35.7,133.7,0,26.7,0,142.7,71.3,280.9,472.6,276.4,205.1,3428.4
WASCO,1993,133.7,17.8,151.5,4.5,13.4,4.5,107,75.8,151.5,343.1,294.1,129.2,3066
WASCO,1994,122.7,4.4,96.4,8.8,17.5,4.4,113.9,21.9,262.9,468.9,355,184,4250.7
WASCO,1995,121.6,4.3,52.1,17.4,21.7,0,125.9,13,269.2,317,464.6,230.1,2839.8
WASCO,1996,77.6,8.6,64.7,12.9,56.1,0,112.1,17.2,185.4,319.1,370.8,202.7,2496.8
WASCO,1997,136.9,12.8,111.2,8.6,21.4,0,64.2,21.4,218.1,440.5,547.5,243.8,2994
WASCO,1998,132.4,12.8,89.7,21.4,17.1,8.5,162.3,34.2,213.6,418.6,739,205,3383.2
WASCO,1999,143.5,8.4,101.3,4.2,54.9,0,113.9,25.3,143.5,291.1,409.3,223.6,3557
WASCO,2000,134.2,4.2,79.7,12.6,33.5,16.8,100.6,21,218,58.7,457,146.8,3153
WASCO,2001,202.9,37.3,82.8,12.4,29,0,70.4,24.8,115.9,37.3,356.1,91.1,2873.7
WASCO,2002,227.4,8.4,80,8.4,12.6,4.2,101.1,12.6,151.6,58.9,458.9,101.1,3246.3
WASCO,2003,203.8,0,106.2,0,12.7,17,118.9,4.2,220.8,59.4,416.1,46.7,2352.4
WASCO,2004,159,8.4,96.2,12.6,12.6,0,108.8,4.2,175.7,71.1,569,50.2,2326.4
WASCO,2005,104.4,8.4,46,4.2,8.4,4.2,91.9,4.2,188,79.4,430.3,150.4,2356.4
WASCO,2006,78.9,4.2,74.8,0,16.6,0,74.8,0,187,83.1,390.5,170.3,2442.9
WASCO,2007,111.9,8.3,124.4,0,4.1,4.1,66.3,0,161.7,49.7,485,107.8,2437.3
WASCO,2008,115.8,12.4,74.5,4.1,4.1,0,74.5,4.1,231.7,57.9,318.6,136.5,2010.8
WASCO,2009,161,8.3,94.9,4.1,28.9,0,107.3,0,173.3,57.8,379.7,127.9,2397.9
WASCO,2010,107,7.9,67.4,0,23.8,4,138.7,0,182.3,55.5,376.5,154.5,2203.3
WASCO,2011,126.5,7.9,90.9,0,7.9,0,59.3,7.9,102.8,51.4,513.8,134.4,2043.5
WASCO,2012,188.3,11.8,74.6,3.9,23.5,7.8,94.2,3.9,160.9,90.2,443.4,145.2,1969.8
WASCO,2013,112.4,3.9,46.5,3.9,23.2,0,116.2,7.7,178.2,65.9,588.9,182.1,1987.6
WASHINGTON,1991,48.1,5.1,37.2,3.9,48.7,2.7,123.9,65.9,212.8,143.3,138.8,223.4,1962.9
WASHINGTON,1992,43,9.3,37.4,8.7,37.7,2.3,130,67,163.1,232.5,144.8,139.3,1781.7
WASHINGTON,1993,38,12.6,34.3,3.6,29.3,2.8,99.1,66.1,146.2,218.8,138.7,111.3,1616.8
WASHINGTON,1994,46.9,11.9,36.9,8.6,34.5,1.6,99.4,21,173.7,325.4,178.3,131.4,1429.4
WASHINGTON,1995,47.2,10.1,28.8,6.5,54.7,1.3,72.9,9.3,188.4,321,244.4,199,1324.8
WASHINGTON,1996,64.3,7.8,36.3,13.3,42.5,0.5,69.8,17.8,179.9,325.8,211.7,240.2,1422.2
WASHINGTON,1997,59.6,9,30.3,10.7,37.6,1.7,76.6,43.9,227.1,275.3,244.8,371.3,1334.3
WASHINGTON,1998,67.2,8,27.3,4.5,29.4,0.7,41.1,45.8,145.4,171.3,154.6,306.4,1350.2
WASHINGTON,1999,85.4,2.7,31.5,3.7,20.3,2.1,39.1,48.4,105.1,79.3,163.5,230.2,1468.3
WASHINGTON,2000,80.4,4.2,36.7,7.6,21.8,0.7,40.1,35.8,122,24.7,189.2,157.8,1406.1
WASHINGTON,2001,78.3,3.3,49.8,3.3,24.1,2.4,42.1,28.5,151.6,30.9,172.4,141.5,1248.6
WASHINGTON,2002,68.9,3,41.7,3,19.2,1.1,43.4,28.7,146.9,22.7,186.2,150.7,1247.4
WASHINGTON,2003,77.4,3.8,45.1,5.3,22,1.7,35.1,23.3,122.9,29,146.8,139,1221.8
WASHINGTON,2004,68.1,3.1,48.9,5,23.1,0.8,38.7,30.2,135.6,30.4,198.7,113.5,1249.3
WASHINGTON,2005,78.4,5.5,58.6,5.1,15.5,1,38.8,28.4,141.1,28,194.4,112.7,1283.8
WASHINGTON,2006,79.1,3.6,52.9,2.4,24.6,0.6,35.2,28.2,132.6,27.8,144.4,96.5,1180
WASHINGTON,2007,80.2,3.5,51.5,3.3,21.5,1,38,25.4,130.3,26.8,144,62.8,1175.6
WASHINGTON,2008,62.5,3.8,51.9,2.7,26,1.5,32.7,15,125,19.6,121.2,62.9,1131.7
WASHINGTON,2009,69.2,3.4,47.4,3.6,18.6,0.9,35.1,19.3,107.8,18.6,118.4,73,1131.8
WASHINGTON,2010,60.1,2.6,53.7,2.6,17.7,0.6,31.1,12.2,92.3,22.2,125,67.2,1073.7
WASHINGTON,2011,50.3,2.8,47.7,1.9,13.2,0.9,32.6,11.2,86.9,24.6,154.6,65.6,1050.2
WASHINGTON,2012,54.7,4.2,48.4,2.9,13.8,1.1,27.4,8.7,96.7,19.2,174.1,67.2,984.8
WASHINGTON,2013,55.2,2.7,43.6,1.1,13.2,1.5,24.7,7.6,102.5,12.9,191.1,71.5,919.8
WHEELER,1991,0,0,0,0,0,0,0,0,69.4,69.4,0,138.9,208.3
WHEELER,1992,69.4,0,138.9,0,0,0,486.1,0,694.4,277.8,208.3,208.3,277.8
WHEELER,1993,0,0,0,0,0,0,66.7,0,200,66.7,0,0,200
WHEELER,1994,0,0,0,127.4,0,0,0,0,63.7,0,0,0,127.4
WHEELER,1995,63.7,0,0,0,0,0,318.5,0,63.7,127.4,127.4,382.2,573.2
WHEELER,1996,122,0,243.9,0,0,0,243.9,0,0,122,0,182.9,487.8
WHEELER,1997,62.1,0,0,0,0,0,310.6,0,248.4,124.2,186.3,248.4,559
WHEELER,1998,127.4,0,127.4,0,0,0,127.4,0,0,127.4,127.4,63.7,955.4
WHEELER,1999,0,0,0,64.1,0,0,64.1,0,64.1,128.2,192.3,128.2,320.5
WHEELER,2000,0,0,129,0,0,0,0,0,0,64.5,258.1,387.1,516.1
WHEELER,2001,64.5,0,64.5,0,0,0,129,64.5,64.5,0,387.1,193.5,1032.3
WHEELER,2002,64.5,0,64.5,0,0,0,0,0,0,0,322.6,193.5,322.6
WHEELER,2003,129,0,64.5,0,0,0,0,0,193.5,64.5,580.6,387.1,193.5
WHEELER,2004,193.5,0,64.5,0,0,64.5,0,0,129,129,129,709.7,258.1
WHEELER,2005,64.5,0,0,0,0,0,64.5,64.5,64.5,0,129,193.5,387.1
WHEELER,2006,0,0,127.8,0,0,0,63.9,0,63.9,0,0,191.7,894.6
WHEELER,2007,127.4,0,63.7,0,0,0,0,0,318.5,0,127.4,382.2,254.8
WHEELER,2008,0,0,0,0,0,0,0,0,0,0,0,381,127
WHEELER,2009,126.2,0,0,0,0,0,0,0,63.1,0,0,63.1,126.2
WHEELER,2010,69.4,0,0,69.4,0,0,0,0,0,0,0,69.4,416.7
WHEELER,2011,69.7,0,69.7,0,0,0,69.7,0,0,0,139.4,69.7,278.7
WHEELER,2012,70.2,0,70.2,0,0,0,0,0,0,0,0,70.2,421.1
WHEELER,2013,139.9,0,0,0,0,0,279.7,0,69.9,69.9,349.7,699.3,2377.6
YAMHILL,1991,88.5,13.3,87.1,1.5,28,11.8,126.9,32.5,144.6,386.6,212.5,103.3,2406.7
YAMHILL,1992,105.1,7.2,86.3,8.6,11.5,5.8,96.4,50.4,194.3,365.5,169.8,154,1879.4
YAMHILL,1993,105.2,16.8,116.4,29.5,23.8,11.2,155.7,120.7,260.9,429.3,364.8,218.9,1675.1
YAMHILL,1994,94,13.6,91.3,17.7,16.4,2.7,160.8,132.2,207.2,403.4,393.9,246.7,1815.5
YAMHILL,1995,118.6,19.8,64.6,21.1,29,2.6,176.6,43.5,246.4,363.7,455.9,260.9,1803.9
YAMHILL,1996,102.2,15.3,108.6,14.1,47.3,5.1,164.8,23,214.6,343.7,328.4,208.3,1673.7
YAMHILL,1997,117.1,32.4,103.4,15,27.4,5,173.2,18.7,304,383.8,343.9,205.6,1763.2
YAMHILL,1998,106.7,9.7,80,7.3,10.9,0,70.3,7.3,151.5,202.4,232.7,130.9,1520
YAMHILL,1999,153.6,0,89.3,14.3,11.9,1.2,51.2,23.8,97.7,119.1,181,142.9,1280.2
YAMHILL,2000,159.1,0,62,15.2,11.7,5.8,60.8,8.2,146.2,40.9,274.9,139.2,1590.6
YAMHILL,2001,143.5,5.8,103,11.6,6.9,4.6,44,6.9,182.9,37,358.8,159.7,1628.5
YAMHILL,2002,122.3,6.9,74.3,16,14.9,0,61.7,17.1,189.7,32,400,187.4,1286.9
YAMHILL,2003,145.2,4.5,83.9,14.7,15.9,0,80.5,13.6,130.5,35.2,482.1,140.7,1211.6
YAMHILL,2004,122.2,4.5,85.2,7.8,4.5,1.1,58.3,7.8,123.3,39.2,457.4,153.6,1407
YAMHILL,2005,93,4.4,80.8,11.1,14.4,2.2,49.8,8.9,88.6,35.4,382,138.4,1518.1
YAMHILL,2006,79.6,9.8,86.2,4.4,5.5,4.4,46.9,3.3,82.9,45.8,283.6,114.5,1330.8
YAMHILL,2007,101,9.7,83.8,4.3,4.3,1.1,38.7,3.2,108.5,27.9,186.9,77.3,1255.8
YAMHILL,2008,112.4,3.2,74.2,11.7,17,0,33.9,2.1,110.3,22.3,176,82.7,1313.5
YAMHILL,2009,61.9,4.2,92.4,5.2,19.9,1,35.7,3.1,101.8,28.3,178.5,85,1281.9
YAMHILL,2010,80.5,6,79.5,3,14.1,1,42.3,6,89.5,30.2,271.6,85.5,1215.2
YAMHILL,2011,77.1,1,46.1,2,11,1,46.1,3,69.1,34.1,240.4,101.2,1116.7
YAMHILL,2012,48.7,1,28.8,2,8,0,33.8,1,38.8,15.9,122.3,39.8,394.8
YAMHILL,2013,45.4,0,36.5,1,4.9,0,27.6,3,38.5,17.8,126.2,49.3,278.1
STATE,1991,78.4,13.5,72.2,10.4,55.2,5.6,145.7,58,196.2,182.4,420.2,158.9,2477.7
STATE,1992,82.9,15.6,75,10.5,50.5,4.4,146,58.9,189.5,220.7,463.7,153.5,2307.4
STATE,1993,89.9,15.5,74.4,12.5,44.6,4.4,124.7,58.7,195.3,196.3,502.2,149.7,2134.9
STATE,1994,77.4,13.3,55.3,11.9,38.9,3.8,114.1,24.6,191,216.4,472.7,172.9,2070.7
STATE,1995,83.8,15.3,50.9,10.8,47.5,5.1,112.9,20.5,213.6,219.8,538.1,193.4,2168.5
STATE,1996,80.9,11.6,55,10.9,44.2,2.5,99.7,18.4,176,203,432.9,179.1,2045.8
STATE,1997,86.3,11,56.4,12.6,37.2,3.2,102.4,29,201.7,197,495,199.8,2086.5
STATE,1998,99.7,9.1,48.1,10.5,34.1,2.6,79.4,29.2,157.3,159,407.5,181,2059.3
STATE,1999,123.4,7.5,52,8.5,26.5,2.1,65.8,29,137.7,113,414.3,156.6,1992.3
STATE,2000,132.7,7.2,53.3,10.3,28.1,2.7,65.1,22.3,154.9,39,428.7,142.6,2050.2
STATE,2001,129.5,7.2,56.9,8.3,26.9,2.5,66.5,22.3,169.5,42.3,403.2,137.8,1907.3
STATE,2002,118.5,6.6,54.6,9.6,25.9,2.9,67.9,17.6,178.2,40.9,419,133.4,1883.7
STATE,2003,119.6,7.4,54.6,11.9,27.8,2.6,72.8,16.5,185.4,41.7,388.3,126.4,1944.5
STATE,2004,110.9,7.2,56.4,8.5,29.8,2.3,71.9,18.5,185,41.7,454.4,120,1896
STATE,2005,114.3,8.3,57.1,8.3,24.8,2.1,71.9,16.9,196.4,42.4,475.6,150.4,1852.5
STATE,2006,109.2,6.8,60.9,5.7,27,2.5,68.3,13.7,180.9,42,383.4,138.5,1836.4
STATE,2007,109.1,6.4,57.1,6.7,28.6,2.7,63.7,13.1,170.6,41.2,334.9,113.1,1792.2
STATE,2008,102.4,6.5,59,6.1,27.5,2.4,58.6,9.3,149,34,262,102.3,1770.3
STATE,2009,95.7,5.3,58.1,4.6,25.4,2.1,55.3,9.3,130.6,31.8,262.9,111.8,1755.9
STATE,2010,85.2,6.7,58.2,5,23.6,2,56.6,7.7,121.5,30.2,274.3,112.1,1644.7
STATE,2011,77.2,4.7,49.7,4,19.5,1.8,57.2,8.3,118.6,37.7,313.5,117.2,1623
STATE,2012,76.1,5.5,50.1,3.9,25.5,1.9,58.6,5.7,128.9,33.1,315.6,118.1,1547.5
STATE,2013,67.1,5,40.9,2.9,20.4,1.9,53.4,6.3,122.6,27.4,304.5,106.9,1293.4
