County,Year,Assault,Homicide,Sex Crime,Kidnapping,Robbery,Arson,Burglary,Forgery,Theft,Driving,Drugs,Other
BAKER,1991,6.4,6.4,44.9,0,0,0,109.1,44.9,70.6,19.3,25.7,51.3
BAKER,1992,18.9,0,37.9,0,6.3,0,75.7,44.2,18.9,31.5,44.2,113.6
BAKER,1993,0,12.4,18.6,0,6.2,0,24.7,12.4,49.5,74.2,86.6,55.7
BAKER,1994,6.1,0,42.6,0,0,0,42.6,24.4,48.7,24.4,30.5,42.6
BAKER,1995,12,0,18,0,6,6,65.9,12,54,48,143.9,71.9
BAKER,1996,6,0,24,0,18,0,42.1,12,48.1,60.1,78.1,96.2
BAKER,1997,29.9,0,23.9,0,0,0,71.7,0,53.8,35.9,71.7,23.9
BAKER,1998,17.8,5.9,53.5,0,11.9,0,59.5,0,83.2,35.7,59.5,53.5
BAKER,1999,29.9,17.9,41.9,0,0,0,47.8,12,41.9,17.9,53.8,65.8
BAKER,2000,29.9,6,35.8,0,23.9,0,47.8,6,47.8,6,131.3,35.8
BAKER,2001,6,0,71.9,6,6,0,35.9,6,59.9,0,209.6,41.9
BAKER,2002,24,6,35.9,0,18,0,24,0,119.8,6,275.4,101.8
BAKER,2003,42.4,0,54.5,0,12.1,0,36.4,0,78.8,0,260.6,60.6
BAKER,2004,30.2,0,36.3,6,6,0,24.2,0,114.8,6,296.1,60.4
BAKER,2005,30.3,0,48.5,0,0,0,54.5,0,90.9,30.3,303,72.7
BAKER,2006,66.8,18.2,24.3,0,6.1,0,48.6,0,91.1,30.4,248.9,54.6
BAKER,2007,42.6,0,30.4,0,6.1,0,24.3,0,115.6,24.3,182.5,85.2
BAKER,2008,79,0,42.5,6.1,0,0,42.5,0,66.8,0,164.1,60.8
BAKER,2009,36.5,6.1,48.6,0,0,0,48.6,6.1,30.4,12.2,145.9,60.8
BAKER,2010,49.4,0,18.5,0,0,0,12.4,0,37.1,18.5,86.5,24.7
BAKER,2011,37,6.2,18.5,0,0,0,37,0,18.5,30.8,123.3,30.8
BAKER,2012,24.7,6.2,43.2,0,0,6.2,37,6.2,86.4,12.3,178.9,43.2
BAKER,2013,49.1,0,24.6,0,0,0,43,6.1,73.7,18.4,172,49.1
BENTON,1991,5.6,1.4,12.6,1.4,8.4,0,61.6,22.4,22.4,2.8,51.8,28
BENTON,1992,13.8,1.4,15.2,2.8,5.5,0,35.9,17.9,34.5,31.7,53.8,44.1
BENTON,1993,12.2,2.7,17.6,2.7,4.1,0,40.6,24.4,50.1,39.3,54.2,46
BENTON,1994,13.3,2.7,21.3,5.3,4,2.7,43.8,4,51.8,33.2,66.4,39.8
BENTON,1995,13.1,1.3,2.6,2.6,10.5,0,34.1,3.9,45.9,62.9,98.3,48.5
BENTON,1996,9,2.6,20.6,2.6,7.7,5.2,46.5,2.6,64.5,58.1,85.2,46.5
BENTON,1997,10.2,2.6,12.8,0,1.3,3.8,37.1,12.8,78,42.2,63.9,42.2
BENTON,1998,20.4,1.3,15.3,2.5,8.9,0,48.4,5.1,75.1,86.5,96.7,29.3
BENTON,1999,16.7,6.4,19.2,0,5.1,0,26.9,5.1,62.8,60.2,108.9,24.3
BENTON,2000,29.4,6.4,17.9,0,5.1,2.6,29.4,5.1,51.1,10.2,167.3,47.3
BENTON,2001,20.3,6.3,13.9,1.3,5.1,1.3,41.8,11.4,84.8,11.4,215.2,32.9
BENTON,2002,18.8,1.3,20,3.8,6.3,1.3,25,3.8,72.6,5,145.2,27.5
BENTON,2003,32.3,1.2,29.8,6.2,9.9,2.5,21.1,0,75.8,5,98.1,31.1
BENTON,2004,17.1,2.4,15.9,7.3,8.6,2.4,37.9,3.7,66.1,17.1,126,40.4
BENTON,2005,12.1,4.8,10.9,3.6,3.6,0,38.6,2.4,55.5,12.1,114.7,35
BENTON,2006,21.4,3.6,14.3,1.2,7.1,0,25,9.5,88,9.5,131.9,36.8
BENTON,2007,15.2,2.3,19.9,1.2,14.1,1.2,23.4,1.2,59.8,10.6,117.2,44.5
BENTON,2008,20.9,1.2,30.2,1.2,5.8,1.2,26.7,1.2,47.6,7,80.1,30.2
BENTON,2009,16.1,1.2,27.7,4.6,8.1,1.2,30,2.3,48.4,6.9,98,25.4
BENTON,2010,18.7,1.2,23.3,1.2,2.3,0,35,0,43.2,5.8,109.6,35
BENTON,2011,24.4,0,12.8,1.2,4.7,3.5,30.2,3.5,43,9.3,138.4,40.7
BENTON,2012,15,4.6,23.1,0,4.6,1.2,21.9,0,54.2,4.6,151,39.2
BENTON,2013,18.2,1.1,17.1,1.1,6.8,0,22.8,0,61.6,8,151.6,30.8
CLACKAMAS,1991,5.9,1.4,20.8,0.3,13.5,1,42.2,15.9,75.1,110.1,47.8,54.7
CLACKAMAS,1992,7.4,2.4,20.2,0.7,12.1,1.7,40.1,14.5,72.9,135.3,47.6,48.6
CLACKAMAS,1993,6.6,4.6,18.5,0.3,12.9,1,37.3,10.2,67.6,118.1,44.2,46.2
CLACKAMAS,1994,8.1,5.5,12.6,0.6,11.6,0.6,19.4,10,62.8,135.6,61.2,39.2
CLACKAMAS,1995,7,3.2,14,1,7,0.6,14,5.1,64.8,115,96.3,55.6
CLACKAMAS,1996,10.6,3.4,16.8,1.9,11.8,0.9,18.9,5.6,69.8,134.7,109,57.7
CLACKAMAS,1997,12.8,1.8,17,1.5,11.6,0,17.6,3,56.3,93.4,84,43.2
CLACKAMAS,1998,9,2.7,16.8,2.7,14.1,0.3,22.2,3.6,62.5,73.6,63.1,43.9
CLACKAMAS,1999,16.4,2.1,22.6,1.2,10.7,0,27.7,10.4,56.8,67.8,62.8,51.2
CLACKAMAS,2000,15.9,2.6,18.5,0.3,10.9,0.3,12.9,7.6,58.8,22.9,77.6,50.3
CLACKAMAS,2001,21.7,3.5,21.2,1.7,7.5,0.9,21.2,12.2,75.9,19.4,90.1,53.6
CLACKAMAS,2002,25.4,1.7,16.5,0.6,13.4,1.1,24.2,7.7,85.5,20.5,90.4,45.3
CLACKAMAS,2003,38.8,2,24.9,1.1,9.9,0.6,24.3,6.8,109.8,19,132.7,50.4
CLACKAMAS,2004,29.5,3.1,26.9,1.7,9.3,0.3,32,7,111.2,20.2,125.2,45.2
CLACKAMAS,2005,34.3,1.4,19.4,1.4,9.4,2.5,23.5,8.3,140.9,20.2,148.4,44.8
CLACKAMAS,2006,34.3,1.9,23.7,0.3,13.6,1.6,33.2,11.2,136.2,21.5,132.7,50.7
CLACKAMAS,2007,31.7,3,24.7,0.5,9.4,1.1,28.2,8.9,113.4,21.5,125.2,40.8
CLACKAMAS,2008,30,3.2,24.7,1.1,8.5,0.3,22.8,8,100.4,23.1,125.3,42.7
CLACKAMAS,2009,29.5,3.2,24.2,0.3,11.6,0.5,17.4,5.8,88.7,17.4,127.9,37.9
CLACKAMAS,2010,34.2,2.4,22.8,0.8,7.7,0.5,26.3,5,84.4,14.3,172,43
CLACKAMAS,2011,29.9,1.3,17.4,1.9,8.2,0.5,24,4.5,80.1,21.1,175.2,43.1
CLACKAMAS,2012,23.1,0.3,19.7,0.3,5.5,0.5,27,3.1,72.6,26.7,166.9,41.9
CLACKAMAS,2013,20.5,1.8,23.3,0,6.5,1,17.4,2.9,74.9,22,156.4,53.9
CLATSOP,1991,47.3,0,41.4,0,17.7,0,85.7,8.9,85.7,322.2,153.7,44.3
CLATSOP,1992,20.4,2.9,61.3,0,2.9,0,46.7,11.7,52.5,245.1,105,46.7
CLATSOP,1993,23.1,2.9,43.3,0,2.9,0,92.3,11.5,57.7,204.8,46.2,46.2
CLATSOP,1994,17,0,17,0,8.5,0,85.2,17,68.2,99.4,139.2,28.4
CLATSOP,1995,14.1,8.5,19.8,0,5.6,5.6,39.5,2.8,53.6,67.7,155.2,45.2
CLATSOP,1996,42.5,5.7,56.6,0,8.5,2.8,84.9,25.5,87.8,96.3,280.3,68
CLATSOP,1997,44.9,2.8,19.6,0,5.6,2.8,50.5,14,56.1,165.6,165.6,22.5
CLATSOP,1998,67.4,0,28.1,5.6,14,0,39.3,2.8,87.1,115.2,140.5,47.8
CLATSOP,1999,104,5.6,47.8,5.6,8.4,0,39.3,14.1,56.2,104,140.5,59
CLATSOP,2000,92.4,5.6,64.4,5.6,14,2.8,44.8,22.4,67.2,44.8,207.3,58.8
CLATSOP,2001,122.7,8.4,61.4,0,13.9,2.8,41.8,8.4,100.4,50.2,239.9,47.4
CLATSOP,2002,88.6,5.5,85.9,2.8,8.3,0,55.4,13.9,77.6,44.3,318.6,63.7
CLATSOP,2003,71.6,8.3,41.3,2.8,2.8,2.8,82.6,16.5,88.2,46.8,212.1,77.1
CLATSOP,2004,54.9,0,49.5,0,8.2,8.2,65.9,8.2,131.9,19.2,302.2,57.7
CLATSOP,2005,43.7,5.5,49.1,10.9,8.2,2.7,46.4,10.9,114.6,27.3,322.1,60
CLATSOP,2006,54,5.4,37.8,0,2.7,0,78.3,8.1,91.8,29.7,315.8,72.9
CLATSOP,2007,69.4,5.3,50.7,2.7,10.7,0,37.4,8,88.1,21.4,189.6,53.4
CLATSOP,2008,84.9,0,37.1,2.7,13.3,5.3,47.8,2.7,84.9,29.2,230.8,45.1
CLATSOP,2009,74,0,39.6,5.3,2.6,0,50.2,0,126.8,29.1,182.3,50.2
CLATSOP,2010,64.7,2.7,59.3,0,5.4,2.7,80.9,18.9,70.1,29.7,307.5,56.6
CLATSOP,2011,83.5,8.1,35,0,10.8,0,56.5,8.1,67.3,48.5,280,59.2
CLATSOP,2012,94.1,2.7,37.6,2.7,13.4,2.7,56.5,8.1,94.1,51.1,320,83.4
CLATSOP,2013,93.9,8.1,21.5,0,16.1,5.4,72.4,10.7,96.6,37.6,313.9,72.4
COLUMBIA,1991,10.4,13,28.6,0,13,0,67.6,20.8,36.4,10.4,127.4,44.2
COLUMBIA,1992,5.2,2.6,18,0,5.2,0,43.8,18,43.8,20.6,79.9,64.4
COLUMBIA,1993,17.7,5.1,30.4,0,10.1,2.5,53.2,22.8,50.7,5.1,83.7,33
COLUMBIA,1994,15,2.5,37.6,0,2.5,2.5,42.6,15,27.6,30.1,127.9,32.6
COLUMBIA,1995,29.6,4.9,27.1,0,12.3,0,42,4.9,42,51.8,140.7,49.4
COLUMBIA,1996,12.1,2.4,31.4,0,2.4,4.8,43.5,7.2,70.1,38.7,171.6,50.7
COLUMBIA,1997,23.8,2.4,31,2.4,4.8,0,21.4,4.8,40.5,23.8,107.2,35.7
COLUMBIA,1998,16.4,2.3,21.1,0,2.3,2.3,37.5,11.7,32.8,49.2,114.8,42.2
COLUMBIA,1999,27.7,2.3,46.2,0,2.3,0,32.3,9.2,23.1,101.7,124.8,67
COLUMBIA,2000,38.9,0,29.7,0,2.3,4.6,18.3,16,34.3,38.9,139.6,64.1
COLUMBIA,2001,38.4,0,33.9,2.3,0,2.3,22.6,11.3,45.1,29.3,185.1,45.1
COLUMBIA,2002,51.6,2.2,24.7,0,4.5,0,74,2.2,49.3,40.4,217.5,44.8
COLUMBIA,2003,55.6,6.7,33.3,0,4.4,2.2,33.3,0,35.6,35.6,204.4,55.6
COLUMBIA,2004,46,2.2,46,2.2,2.2,0,61.3,24.1,72.3,28.5,284.8,50.4
COLUMBIA,2005,56.3,2.2,30.3,6.5,4.3,0,34.6,13,71.4,54.1,313.7,75.7
COLUMBIA,2006,53.2,0,40.5,2.1,2.1,0,23.4,23.4,59.6,38.3,281.1,68.1
COLUMBIA,2007,44.2,6.3,33.6,2.1,2.1,0,44.2,8.4,73.6,42,279.6,37.8
COLUMBIA,2008,41.6,8.3,43.7,0,4.2,0,37.4,4.2,54.1,31.2,216.2,39.5
COLUMBIA,2009,45.4,4.1,41.3,2.1,0,0,37.2,2.1,51.6,22.7,181.8,51.6
COLUMBIA,2010,48.6,0,18.2,2,2,0,30.3,2,40.5,22.3,141.6,14.2
COLUMBIA,2011,34.3,2,26.2,0,10.1,0,26.2,0,42.3,26.2,173.3,36.3
COLUMBIA,2012,38.2,0,20.1,0,8.1,2,28.2,0,40.3,26.2,163,56.4
COLUMBIA,2013,14,0,18.1,2,14,0,32.1,0,46.1,26.1,152.5,42.1
COOS,1991,21.3,4.9,37.7,1.6,11.5,1.6,42.6,16.4,80.3,132.7,212.9,93.4
COOS,1992,30.6,8.1,25.8,0,9.7,0,40.3,20.9,54.7,146.5,215.7,115.9
COOS,1993,22.2,7.9,22.2,1.6,7.9,0,42.9,36.5,82.6,98.5,192.2,98.5
COOS,1994,22.1,6.3,23.7,1.6,0,1.6,44.3,7.9,71.1,136,271.9,124.9
COOS,1995,26.8,4.7,15.7,1.6,3.1,4.7,47.2,1.6,58.3,67.7,333.8,141.7
COOS,1996,25.2,7.9,25.2,3.2,6.3,0,36.2,3.2,66.2,93,230.1,67.8
COOS,1997,37.8,4.7,25.2,1.6,4.7,0,52,6.3,91.4,63,346.7,111.9
COOS,1998,45.9,3.2,31.6,9.5,26.9,6.3,53.8,9.5,91.7,53.8,389.1,110.7
COOS,1999,50.9,8,57.3,12.7,4.8,0,41.4,15.9,74.8,58.9,322.9,108.2
COOS,2000,55.7,3.2,44.6,9.6,9.6,4.8,36.6,6.4,63.7,25.5,351.9,90.8
COOS,2001,41.3,4.8,57.2,3.2,6.4,3.2,49.2,3.2,58.8,22.2,274.8,52.4
COOS,2002,25.5,8,33.5,3.2,9.6,1.6,39.9,0,47.9,19.2,249,54.3
COOS,2003,41.3,1.6,28.6,4.8,12.7,0,41.3,3.2,42.9,30.2,217.5,42.9
COOS,2004,47.8,1.6,41.5,0,1.6,0,30.3,14.4,60.6,28.7,223.3,60.6
COOS,2005,46.3,3.2,41.5,0,6.4,0,36.7,6.4,63.8,35.1,342.9,78.2
COOS,2006,42.9,6.4,41.3,4.8,11.1,3.2,23.8,11.1,71.5,22.3,306.8,73.1
COOS,2007,42.8,0,46,1.6,1.6,3.2,33.3,1.6,84.1,34.9,215.7,63.4
COOS,2008,41.1,1.6,44.3,1.6,4.7,1.6,26.9,6.3,66.4,22.1,128.1,41.1
COOS,2009,27,1.6,33.3,4.8,11.1,1.6,28.5,1.6,71.4,25.4,118.9,49.2
COOS,2010,22.2,6.3,25.4,0,6.3,4.8,22.2,3.2,79.3,12.7,104.7,50.8
COOS,2011,30.2,15.9,41.3,0,9.5,1.6,60.4,0,77.8,20.7,270,52.4
COOS,2012,30.2,1.6,44.5,1.6,17.5,0,71.6,1.6,71.6,19.1,264,66.8
COOS,2013,58.9,8,38.2,1.6,8,0,57.3,0,63.6,17.5,369.1,74.8
CROOK,1991,27,6.7,40.4,0,6.7,6.7,60.6,33.7,101.1,74.1,80.9,134.8
CROOK,1992,32.6,6.5,52.1,0,6.5,0,110.7,13,58.6,188.8,117.2,97.7
CROOK,1993,12.5,0,25,0,0,6.3,68.8,18.8,50.1,112.6,87.6,137.7
CROOK,1994,18.2,6.1,24.3,0,0,0,54.7,12.2,91.1,139.7,182.3,121.5
CROOK,1995,11.8,5.9,41.2,0,11.8,0,11.8,23.5,70.6,129.5,276.6,94.2
CROOK,1996,23,5.7,51.7,0,5.7,0,34.5,17.2,74.7,69,178.2,63.2
CROOK,1997,16.8,0,50.5,0,0,5.6,50.5,5.6,61.7,44.9,140.2,56.1
CROOK,1998,54.5,5.5,43.6,0,0,5.5,70.9,43.6,70.9,109.1,163.6,103.6
CROOK,1999,52.9,0,26.5,0,5.3,10.6,68.8,10.6,169.4,164.1,158.8,100.6
CROOK,2000,20.7,0,51.8,0,5.2,0,41.5,5.2,41.5,31.1,124.4,57
CROOK,2001,60.5,0,55.4,0,0,0,75.6,0,75.6,15.1,120.9,95.7
CROOK,2002,54.5,5,54.5,0,5,0,54.5,5,118.8,39.6,193.1,104
CROOK,2003,64,4.9,49.3,0,0,14.8,78.8,0,93.6,29.6,197,147.8
CROOK,2004,19.4,0,43.6,0,9.7,0,24.2,0,63,48.4,159.8,82.3
CROOK,2005,22,4.4,35.1,4.4,4.4,0,70.3,0,105.4,43.9,228.3,92.2
CROOK,2006,61.2,0,32.6,0,0,0,53,4.1,65.2,40.8,142.7,122.3
CROOK,2007,50.2,3.9,23.2,7.7,7.7,0,77.3,3.9,115.9,30.9,150.7,96.6
CROOK,2008,26.1,0,14.9,0,0,3.7,41,3.7,48.4,11.2,78.2,74.5
CROOK,2009,18.4,0,25.7,11,0,0,29.4,3.7,44.1,25.7,77.2,44.1
CROOK,2010,61.8,4.8,42.8,0,4.8,0,33.3,4.8,52.3,28.5,114.2,38.1
CROOK,2011,67.1,9.6,43.2,4.8,0,0,43.2,0,91.1,28.8,100.7,105.5
CROOK,2012,48.4,0,19.4,0,0,0,43.6,4.8,72.6,53.3,208.2,96.9
CROOK,2013,62.8,0,48.3,0,4.8,0,58,4.8,38.7,38.7,193.3,125.7
CURRY,1991,5.1,10.2,40.7,5.1,0,0,35.6,35.6,40.7,157.8,142.5,50.9
CURRY,1992,35.2,10.1,40.2,10.1,0,0,65.4,5,65.4,161,337,25.2
CURRY,1993,9.8,0,29.5,9.8,0,0,24.5,4.9,34.4,147.3,181.6,63.8
CURRY,1994,29,4.8,4.8,0,0,0,82.1,14.5,53.1,111.1,226.9,62.8
CURRY,1995,4.8,4.8,9.5,0,0,0,42.9,14.3,104.8,109.6,295.4,104.8
CURRY,1996,4.8,4.8,23.8,4.8,0,0,23.8,19,109.5,152.4,195.2,123.8
CURRY,1997,0,0,28.5,0,0,0,33.3,9.5,123.6,209.2,190.2,156.9
CURRY,1998,33.3,0,19,0,4.8,0,90.3,4.8,118.9,233,309.1,147.4
CURRY,1999,52.1,4.7,42.6,0,9.5,0,56.8,4.7,66.3,61.6,198.9,90
CURRY,2000,18.9,4.7,37.7,4.7,0,4.7,66,0,56.6,37.7,268.9,108.5
CURRY,2001,41.8,4.6,51,4.6,9.3,0,46.4,18.6,74.2,23.2,310.9,74.2
CURRY,2002,65.9,4.7,37.6,0,0,0,65.9,4.7,70.6,42.4,465.9,61.2
CURRY,2003,28.4,9.5,37.9,0,4.7,0,66.4,0,47.4,47.4,260.7,56.9
CURRY,2004,9.5,9.5,28.4,0,4.7,0,75.7,9.5,75.7,33.1,279,104
CURRY,2005,37.8,0,47.2,0,0,0,75.5,14.2,103.8,28.3,259.6,66.1
CURRY,2006,51.5,0,28.1,0,18.7,4.7,56.2,0,98.3,32.8,280.8,42.1
CURRY,2007,32.6,4.7,18.6,0,4.7,0,14,9.3,107.1,32.6,214.2,23.3
CURRY,2008,32.5,0,27.9,0,0,0,9.3,4.6,93,27.9,144.1,41.8
CURRY,2009,18.7,0,14.1,0,0,4.7,42.2,0,89,23.4,159.3,37.5
CURRY,2010,35.8,0,8.9,0,0,0,53.7,4.5,116.3,22.4,219.2,44.7
CURRY,2011,9,0,26.9,0,0,0,26.9,0,31.3,26.9,353.7,62.7
CURRY,2012,35.9,0,22.4,0,4.5,9,58.3,0,80.7,53.8,174.9,40.4
CURRY,2013,31.4,0,17.9,4.5,13.5,0,49.3,0,53.8,44.8,188.3,89.7
DESCHUTES,1991,36,8.7,21.1,3.7,6.2,2.5,74.5,11.2,57.1,16.1,105.5,33.5
DESCHUTES,1992,21.3,3.6,20.2,0,13,1.2,90.1,11.9,61.6,36.8,84.2,54.5
DESCHUTES,1993,26.1,7.9,35.1,0,6.8,2.3,28.3,10.2,54.4,18.1,128,51
DESCHUTES,1994,12,1.1,29.4,0,3.3,1.1,43.6,14.2,60,45.8,177.8,38.2
DESCHUTES,1995,15.6,3.1,25,2.1,8.3,2.1,38.6,8.3,75.1,32.3,171,57.4
DESCHUTES,1996,28,1,27,0,8,3,42.1,7,80.1,19,191.2,61.1
DESCHUTES,1997,30,1,26.2,0,10.7,1,42.6,6.8,65.9,16.5,152.2,69.8
DESCHUTES,1998,33.5,0,33.5,3.7,12.1,2.8,40.9,7.4,86.5,43.7,180.4,51.1
DESCHUTES,1999,64.6,3.5,33.6,3.5,12.4,0,40.7,5.3,107.1,39.8,201.9,70.8
DESCHUTES,2000,66,4.3,34.3,1.7,8.6,0,43.7,14.6,95.2,18,157.8,68.6
DESCHUTES,2001,55.7,3.3,40.1,4.1,7.4,5.7,36.9,3.3,120.4,19.7,181.9,63.1
DESCHUTES,2002,63.2,3.2,40.3,3.2,7.1,0.8,47.4,1.6,122.5,23.7,193.7,76.7
DESCHUTES,2003,52.9,4.6,46,5.4,14.6,0,59.8,2.3,161.7,24.5,199.2,61.3
DESCHUTES,2004,48,2.2,34.7,3.7,8.9,1.5,66.4,1.5,176.4,25.8,285.7,70.1
DESCHUTES,2005,50.9,2.8,43.2,0.7,16.7,0.7,48.1,4.2,186.1,21.6,353.3,69.7
DESCHUTES,2006,45.2,2,38,2,9.8,4.6,60.3,7.9,184.8,41.9,332.9,82.6
DESCHUTES,2007,70.3,3.1,44.8,0.6,17.4,2.5,50.4,6.8,143,36.1,244.4,69.6
DESCHUTES,2008,56.3,3,94,1.8,15.6,0,53.3,7.2,123.9,25.7,202.4,68.9
DESCHUTES,2009,48.6,3.5,38.1,1.2,8.2,1.2,42.2,4.1,106.6,29.9,188,51.6
DESCHUTES,2010,63.3,3.2,45,0.6,14.6,3.8,34.8,0,115.9,30.4,213.4,60.8
DESCHUTES,2011,33.4,1.9,40.9,1.3,9.4,0,40.3,9.4,78.7,40.3,221.6,57.3
DESCHUTES,2012,48.1,2.5,28.7,0,7.5,1.3,30.6,3.8,65.6,37.5,241.7,51.2
DESCHUTES,2013,43.1,0.6,31.4,0.6,7.4,1.2,40.6,7.4,69.5,52.9,229.5,48.6
DOUGLAS,1991,16.7,6.3,26.1,0,12.5,5.2,35.6,31.4,62.7,45,223.8,46
DOUGLAS,1992,14.6,9.4,21.9,3.1,9.4,1,57.3,14.6,52.1,36.5,215.6,40.6
DOUGLAS,1993,9.3,4.1,28.9,3.1,6.2,1,48.5,35.1,53.7,42.4,228.3,43.4
DOUGLAS,1994,4.1,3.1,27.7,4.1,11.3,1,38.9,16.4,36.9,36.9,265.3,54.3
DOUGLAS,1995,14.2,7.1,28.3,2,10.1,5.1,65.8,5.1,60.7,26.3,266.1,69.8
DOUGLAS,1996,21.1,4,21.1,2,20.1,1,87.2,5,64.2,54.1,240.6,92.2
DOUGLAS,1997,22.9,8,28.9,1,6,2,54.7,5,63.7,45.8,235.9,104.5
DOUGLAS,1998,39.8,4,24.9,3,13.9,0,63.7,6,85.5,56.7,254.7,125.3
DOUGLAS,1999,40.9,4,39.9,1,10,2,50.8,4,75.7,48.8,265.1,93.7
DOUGLAS,2000,33.8,5,41.8,0,10,0,54.7,5,84.6,16.9,272.6,67.7
DOUGLAS,2001,30.6,5.9,36.6,1,4.9,3,55.3,4,120.6,12.8,300.4,80
DOUGLAS,2002,25.7,3,34.6,1,11.8,6.9,56.3,3.9,86.9,17.8,310,83.9
DOUGLAS,2003,16.7,9.8,43.2,0,17.7,2.9,53,4.9,83.5,22.6,281.9,59.9
DOUGLAS,2004,30.3,5.9,30.3,3.9,15.6,1,54.7,2.9,84,19.5,278.5,63.5
DOUGLAS,2005,21.4,2.9,34,4.9,9.7,1,38.9,5.8,96.2,24.3,416.9,69
DOUGLAS,2006,27.9,8.7,45.3,1.9,11.6,2.9,63.6,12.5,124.3,18.3,538.5,106
DOUGLAS,2007,42,2.9,38.2,3.8,7.6,1.9,72.6,8.6,114.6,22,399.3,78.3
DOUGLAS,2008,34.2,6.7,42.8,0,7.6,1,53.2,1,97.9,36.1,300.3,75.1
DOUGLAS,2009,32.3,3.8,44.6,4.7,13.3,0.9,60.7,0.9,78.8,22.8,317.9,75.9
DOUGLAS,2010,30.6,0.9,73.4,4.6,17.6,3.7,78,2.8,91,31.6,385.4,104.9
DOUGLAS,2011,38,0.9,57.5,0.9,11.1,3.7,55.7,1.9,104.8,28.8,413.8,98.3
DOUGLAS,2012,46.2,2.8,47.1,1.9,8.3,0.9,53.6,4.6,154.4,37.9,455.7,135.9
DOUGLAS,2013,28.5,5.5,46.9,0,4.6,1.8,59.7,3.7,134.1,49.6,531,120.4
GILLIAM,1991,0,0,117.6,0,0,0,58.8,0,0,0,0,58.8
GILLIAM,1992,0,57.8,173.4,0,0,0,115.6,0,0,173.4,0,0
GILLIAM,1993,0,0,0,0,0,0,58.1,0,0,0,0,0
GILLIAM,1994,0,0,55.6,0,0,0,0,0,111.1,111.1,166.7,55.6
GILLIAM,1995,0,0,0,0,0,0,0,0,0,391.1,223.5,0
GILLIAM,1996,0,0,54.1,0,0,0,108.1,0,108.1,162.2,54.1,54.1
GILLIAM,1997,0,54.3,108.7,0,0,0,54.3,0,54.3,108.7,108.7,108.7
GILLIAM,1998,0,0,0,0,0,0,53.2,0,0,478.7,159.6,212.8
GILLIAM,1999,0,0,52.4,0,0,0,209.4,0,104.7,314.1,157.1,0
GILLIAM,2000,0,0,0,0,0,0,0,0,52.6,52.6,157.9,263.2
GILLIAM,2001,0,0,105.3,0,0,0,105.3,52.6,0,52.6,210.5,157.9
GILLIAM,2002,157.9,0,0,0,0,0,0,0,157.9,105.3,684.2,52.6
GILLIAM,2003,0,0,52.6,0,0,0,0,0,52.6,52.6,526.3,52.6
GILLIAM,2004,52.6,0,0,0,0,0,105.3,0,105.3,0,1631.6,157.9
GILLIAM,2005,0,0,0,0,0,52.9,211.6,0,211.6,105.8,2433.9,158.7
GILLIAM,2006,53.1,0,106.1,0,0,0,0,0,106.1,159.2,1061,106.1
GILLIAM,2007,0,0,0,0,0,0,53.1,0,106.1,53.1,1008,106.1
GILLIAM,2008,0,53.1,0,0,0,0,0,0,318.3,53.1,530.5,53.1
GILLIAM,2009,0,0,106.1,0,0,159.2,0,0,318.3,0,530.5,0
GILLIAM,2010,0,0,160.4,0,0,0,107,0,0,0,1016,160.4
GILLIAM,2011,53.2,0,0,0,0,0,53.2,0,106.4,53.2,744.7,53.2
GILLIAM,2012,52.6,0,0,0,0,0,0,0,0,52.6,947.4,263.2
GILLIAM,2013,0,0,0,0,0,0,154.2,0,102.8,0,874,102.8
GRANT,1991,25,0,12.5,0,0,0,25,0,0,37.5,37.5,37.5
GRANT,1992,50.9,12.7,50.9,0,0,0,12.7,25.4,25.4,0,25.4,38.2
GRANT,1993,0,0,50.4,0,0,0,37.8,0,37.8,12.6,63.1,37.8
GRANT,1994,25.2,12.6,25.2,0,0,0,62.9,37.7,50.3,25.2,213.8,12.6
GRANT,1995,12.5,0,37.5,0,0,0,49.9,0,49.9,0,87.4,12.5
GRANT,1996,12.4,0,12.4,0,0,0,24.9,0,12.4,49.8,37.3,62.2
GRANT,1997,12.4,0,61.9,0,0,12.4,37.1,0,37.1,0,49.5,37.1
GRANT,1998,0,0,12.3,0,0,0,24.6,0,49.3,110.8,24.6,24.6
GRANT,1999,37.7,0,88.1,0,0,12.6,62.9,25.2,75.5,50.3,150.9,75.5
GRANT,2000,50.3,0,25.2,0,0,0,0,12.6,37.7,0,150.9,100.6
GRANT,2001,12.8,12.8,25.6,0,0,0,38.5,0,25.6,0,166.7,12.8
GRANT,2002,77.4,12.9,25.8,0,0,0,51.6,0,77.4,38.7,141.9,154.8
GRANT,2003,13.1,13.1,52.3,0,0,0,0,0,13.1,26.1,156.9,91.5
GRANT,2004,12.9,0,38.7,0,0,12.9,0,0,25.8,25.8,116.1,141.9
GRANT,2005,13,13,13,0,0,0,39,0,65.1,39,182.2,117.1
GRANT,2006,26.2,0,78.6,0,0,0,65.5,13.1,0,0,65.5,131.1
GRANT,2007,52.8,0,13.2,0,0,0,39.6,0,26.4,13.2,145.1,92.3
GRANT,2008,26.6,0,26.6,0,0,0,39.8,0,66.4,13.3,79.7,93
GRANT,2009,39.9,0,13.3,0,39.9,0,13.3,0,26.6,0,39.9,119.6
GRANT,2010,0,0,26.8,0,0,0,93.8,0,80.4,26.8,187.7,80.4
GRANT,2011,67.1,0,40.3,0,0,13.4,107.4,0,53.7,26.9,268.5,80.5
GRANT,2012,13.4,0,53.7,0,0,0,13.4,0,53.7,40.3,134.2,94
GRANT,2013,40.4,0,26.9,0,0,0,40.4,0,26.9,67.3,309.4,148
HARNEY,1991,14.2,0,71.1,0,14.2,0,42.7,42.7,42.7,71.1,341.4,71.1
HARNEY,1992,71.3,0,42.8,0,0,28.5,42.8,28.5,57.1,142.7,156.9,28.5
HARNEY,1993,56.7,0,0,0,0,0,42.5,14.2,14.2,28.3,226.6,56.7
HARNEY,1994,41.5,0,27.7,0,13.8,0,96.8,13.8,27.7,13.8,83,55.3
HARNEY,1995,13.8,0,82.9,0,0,0,69.1,13.8,55.2,27.6,469.6,82.9
HARNEY,1996,13.9,0,27.8,0,13.9,13.9,41.7,0,83.3,27.8,180.6,166.7
HARNEY,1997,41.7,0,13.9,0,0,0,83.3,0,41.7,41.7,333.3,69.4
HARNEY,1998,40.4,0,0,0,0,0,40.4,0,67.4,80.9,53.9,121.3
HARNEY,1999,39.8,13.3,66.3,0,0,0,26.5,13.3,0,66.3,53.1,53.1
HARNEY,2000,78.9,0,0,0,13.2,0,26.3,0,197.4,26.3,276.3,26.3
HARNEY,2001,105.3,0,78.9,0,13.2,39.5,263.2,13.2,65.8,39.5,342.1,39.5
HARNEY,2002,118.4,26.3,39.5,13.2,13.2,0,52.6,0,26.3,39.5,565.8,131.6
HARNEY,2003,68.5,13.7,137,0,27.4,0,27.4,13.7,68.5,0,150.7,27.4
HARNEY,2004,39.2,0,91.5,0,0,0,65.4,0,130.7,13.1,339.9,91.5
HARNEY,2005,91.4,0,130.5,0,0,0,52.2,13.1,65.3,26.1,261.1,65.3
HARNEY,2006,26.1,0,52.2,0,0,0,65.2,13,26.1,39.1,182.5,65.2
HARNEY,2007,52.1,0,117.2,0,0,0,78.1,0,0,39.1,234.4,104.2
HARNEY,2008,38.9,0,103.8,0,0,0,51.9,0,51.9,38.9,259.6,51.9
HARNEY,2009,116.7,0,25.9,0,0,0,25.9,0,25.9,25.9,375.9,103.7
HARNEY,2010,26.9,0,53.7,0,0,13.4,53.7,0,53.7,13.4,416.4,53.7
HARNEY,2011,40.7,27.1,81.4,0,0,0,122,0,54.2,54.2,461,108.5
HARNEY,2012,13.7,0,0,0,0,0,68.4,0,95.7,68.4,656.2,109.4
HARNEY,2013,55.1,13.8,27.6,0,0,0,55.1,0,13.8,0,688.7,96.4
HOOD RIVER,1991,17.6,5.9,58.8,0,35.3,0,41.2,17.6,88.2,117.6,152.9,0
HOOD RIVER,1992,40,0,57.2,0,0,0,62.9,34.3,91.5,74.4,160.2,22.9
HOOD RIVER,1993,22.3,0,55.7,0,22.3,0,61.3,39,61.3,83.6,183.8,83.6
HOOD RIVER,1994,54.4,0,27.2,0,0,0,49,70.7,38.1,70.7,201.3,27.2
HOOD RIVER,1995,10.6,15.9,26.5,5.3,21.2,0,26.5,0,95.3,31.8,174.7,58.2
HOOD RIVER,1996,57,5.2,51.8,0,20.7,0,36.3,10.4,98.4,72.5,186.4,67.3
HOOD RIVER,1997,56.4,0,25.7,0,0,0,92.4,5.1,97.5,56.4,148.8,30.8
HOOD RIVER,1998,50.3,0,25.2,0,20.1,5,25.2,0,110.7,110.7,115.7,70.4
HOOD RIVER,1999,54.3,0,39.5,9.9,0,0,49.4,14.8,49.4,93.9,168,103.8
HOOD RIVER,2000,19.5,0,9.8,0,0,0,19.5,14.6,87.8,34.1,175.6,68.3
HOOD RIVER,2001,63.1,4.9,14.6,9.7,4.9,0,48.5,0,63.1,58.3,160.2,29.1
HOOD RIVER,2002,19.6,0,9.8,0,0,9.8,19.6,24.4,58.7,53.8,185.8,24.4
HOOD RIVER,2003,34.1,9.8,14.6,4.9,19.5,0,24.4,0,97.6,24.4,258.5,39
HOOD RIVER,2004,71.3,4.8,28.5,0,23.8,0,57,9.5,80.8,28.5,351.5,28.5
HOOD RIVER,2005,51.9,0,14.2,0,0,0,70.8,4.7,94.4,28.3,401.3,37.8
HOOD RIVER,2006,46.9,0,42.2,0,4.7,0,42.2,0,117.2,23.4,243.7,42.2
HOOD RIVER,2007,41.9,9.3,27.9,0,0,0,32.6,0,79.2,32.6,163,18.6
HOOD RIVER,2008,69.4,4.6,13.9,4.6,0,0,32.4,0,106.4,23.1,148,13.9
HOOD RIVER,2009,46,0,9.2,0,9.2,0,9.2,0,128.9,23,161.1,32.2
HOOD RIVER,2010,13.4,0,17.9,0,4.5,4.5,31.3,0,84.9,22.3,93.8,22.3
HOOD RIVER,2011,26.5,4.4,26.5,0,13.3,0,30.9,4.4,35.4,17.7,110.5,8.8
HOOD RIVER,2012,26.2,8.7,13.1,0,8.7,0,35,0,56.8,39.3,257.9,21.9
HOOD RIVER,2013,34.3,0,12.9,4.3,12.9,0,8.6,0,34.3,17.2,287.6,38.6
JACKSON,1991,9.9,3.3,35.8,2,11.3,0.7,35.8,23.9,98.1,4.6,139.1,19.9
JACKSON,1992,13.6,2.6,20,1.3,6.5,2.6,43.9,20,91,6.5,149.7,32.3
JACKSON,1993,15.7,5,34.6,3.1,14.5,0.6,34.6,26.4,82.4,10.1,196.8,44.6
JACKSON,1994,12.2,2.4,33,1.2,9.2,1.2,49.5,15.3,76.5,9.2,302.8,66.7
JACKSON,1995,29.3,4.2,25.1,2.4,18.5,1.8,46,10.8,120.1,10.2,387.3,64.5
JACKSON,1996,31.1,4.7,28.1,1.2,12.3,1.8,46.3,10.5,97.3,13.5,226.2,50.4
JACKSON,1997,20.8,4,27.7,1.2,8.6,1.2,45.5,11,108.4,10.4,287.1,56.5
JACKSON,1998,29.5,3.4,35.7,1.1,14.2,2.3,46.4,7.4,109.9,16.4,285.4,49.3
JACKSON,1999,30.6,4.5,30.1,1.1,10,1.1,32.8,7.8,102.4,16.1,289.5,40.1
JACKSON,2000,28.5,3.3,40.6,2.2,9.3,1.1,34.6,9.9,97.1,22,384.2,42.8
JACKSON,2001,27.6,2.2,28.2,0.5,13,1.1,28.7,12.5,100.7,27.1,375.2,48.2
JACKSON,2002,30.4,3.2,28.3,0,7.5,0,38.9,8,91.7,29.3,348.6,32.5
JACKSON,2003,30.1,3.7,34.9,2.1,15.9,0.5,28.6,8.5,85.7,29.6,348.5,34.9
JACKSON,2004,43.4,4.7,45,1.6,9.4,3.1,42.9,11,149.1,34,491.1,49.7
JACKSON,2005,43.7,4.1,43.7,2.1,15.4,1,46.8,7.2,141.4,34.4,462.2,49.4
JACKSON,2006,45.3,6,40.3,1.5,12.6,1.5,46.8,6.5,145,40.3,436.5,40.3
JACKSON,2007,56.3,3,52.9,2,13.3,3,38.1,4,107.8,39,366.3,41.5
JACKSON,2008,44.3,1.9,61.4,1,13.6,1,31.7,4.9,96.9,29.2,222.1,39
JACKSON,2009,48.8,1.4,38.6,0.5,12.1,1.4,25.6,7.2,94.7,23.2,209.7,31.4
JACKSON,2010,31.5,2.5,38.9,0.5,10.3,2.5,29.5,4.9,89.5,21.1,272.9,36.4
JACKSON,2011,38.2,2,46.6,0,12.3,0.5,37.3,4.9,97.6,34.3,353.5,32.9
JACKSON,2012,45.9,3.4,40.6,0,15.6,1.5,45.5,2.9,107.5,28.8,354.3,34.7
JACKSON,2013,37.8,1,39.3,0.5,18.9,1.5,60.1,4.9,146.4,33,325.2,40.2
JEFFERSON,1991,6.9,0,13.9,6.9,13.9,0,27.8,20.8,76.4,291.9,90.3,41.7
JEFFERSON,1992,20.1,6.7,20.1,0,0,0,67,26.8,93.8,254.5,73.7,53.6
JEFFERSON,1993,38.9,0,32.4,6.5,0,0,84.2,13,38.9,194.3,103.6,45.3
JEFFERSON,1994,24.5,36.7,24.5,0,12.2,0,49,18.4,55.1,287.6,177.5,91.8
JEFFERSON,1995,23.5,5.9,35.3,0,5.9,0,70.5,29.4,41.2,346.9,199.9,94.1
JEFFERSON,1996,23,0,28.8,5.8,17.3,0,34.5,0,40.3,270.6,195.7,63.3
JEFFERSON,1997,33.4,11.1,38.9,0,5.6,0,100.1,22.2,89,255.8,272.5,127.9
JEFFERSON,1998,48.9,5.4,43.5,0,21.7,5.4,70.7,10.9,27.2,212,184.8,54.3
JEFFERSON,1999,85.5,0,69.4,10.7,21.4,0,32.1,16,10.7,272.4,181.6,32.1
JEFFERSON,2000,62.7,20.9,10.4,5.2,10.4,0,52.2,0,47,47,146.2,52.2
JEFFERSON,2001,51.5,5.2,30.9,5.2,0,0,36.1,5.2,46.4,67,232,72.2
JEFFERSON,2002,65.5,5,40.3,0,5,10.1,85.6,10.1,50.4,70.5,201.5,75.6
JEFFERSON,2003,45.2,0,60.3,0,5,0,45.2,0,50.3,45.2,236.2,100.5
JEFFERSON,2004,39.5,4.9,39.5,4.9,24.7,0,39.5,0,44.4,54.3,251.9,59.3
JEFFERSON,2005,58.3,9.7,92.2,4.9,4.9,0,29.1,9.7,68,48.5,393.2,77.7
JEFFERSON,2006,88.7,0,51.4,0,4.7,9.3,32.7,0,74.7,79.4,224.2,70.1
JEFFERSON,2007,59,9.1,9.1,4.5,0,0,13.6,0,77.2,68.1,177,81.7
JEFFERSON,2008,62.4,0,84.6,4.5,26.7,0,75.7,0,40.1,53.5,155.9,53.5
JEFFERSON,2009,44,4.4,44,0,30.8,4.4,26.4,4.4,66,52.8,132.1,52.8
JEFFERSON,2010,110.3,13.8,27.6,0,18.4,0,50.6,9.2,114.9,41.4,211.5,105.7
JEFFERSON,2011,82.4,18.3,54.9,0,22.9,0,64.1,4.6,68.7,36.6,215.2,82.4
JEFFERSON,2012,150.4,9.1,31.9,13.7,9.1,0,54.7,4.6,77.5,36.5,205.1,82
JEFFERSON,2013,127,9.1,27.2,9.1,18.2,4.5,49.9,0,45.4,40.8,181.5,113.4
JOSEPHINE,1991,4.6,4.6,38.7,1.5,4.6,4.6,71.3,24.8,94.5,89.8,243.2,60.4
JOSEPHINE,1992,13.7,4.6,33.6,0,6.1,3.1,44.3,12.2,50.4,100.8,290.2,61.1
JOSEPHINE,1993,13.3,1.5,35.6,3,4.4,4.4,50.4,19.3,62.2,131.9,312.7,68.2
JOSEPHINE,1994,25.9,2.9,17.3,0,18.7,2.9,47.6,8.6,62,119.6,273.8,49
JOSEPHINE,1995,33.7,11.2,29.5,2.8,23.8,1.4,60.3,11.2,91.2,115,342.3,67.3
JOSEPHINE,1996,26.3,8.3,37.3,2.8,11.1,1.4,49.8,8.3,96.8,138.3,186.7,74.7
JOSEPHINE,1997,57.2,6.8,36.8,1.4,10.9,4.1,62.7,10.9,68.1,106.3,222,73.6
JOSEPHINE,1998,56.4,4,45.7,0,21.5,2.7,86,16.1,104.8,103.5,268.7,88.7
JOSEPHINE,1999,46.5,12,25.3,1.3,26.6,0,55.8,14.6,110.4,99.7,223.4,99.7
JOSEPHINE,2000,92,3.9,28.9,0,26.3,0,35.5,2.6,110.5,22.4,247.2,73.6
JOSEPHINE,2001,58.6,3.9,15.6,0,19.5,1.3,44.2,3.9,106.7,45.5,272,71.6
JOSEPHINE,2002,59.2,5.2,43.8,2.6,24.5,1.3,51.5,9,117.2,58,422.4,86.3
JOSEPHINE,2003,43.4,2.6,34.5,2.6,6.4,3.8,40.8,5.1,114.9,38.3,359.9,56.2
JOSEPHINE,2004,48.3,3.8,21.6,1.3,17.8,1.3,34.4,3.8,173,28,469.5,61.1
JOSEPHINE,2005,47.7,5,16.3,0,6.3,0,32.6,2.5,162,30.1,473.4,57.8
JOSEPHINE,2006,45.6,7.4,23.4,0,18.5,0,38.2,3.7,143,38.2,330.4,49.3
JOSEPHINE,2007,40.1,3.6,12.1,1.2,21.8,2.4,61.9,0,173.6,54.6,333.8,34
JOSEPHINE,2008,66,7.2,27.6,1.2,15.6,7.2,50.4,1.2,132.1,49.2,260.5,57.6
JOSEPHINE,2009,68.1,7.2,27.5,3.6,14.3,1.2,47.8,1.2,106.4,37.1,255.8,46.6
JOSEPHINE,2010,66.4,2.4,45.9,4.8,18.1,2.4,53.2,2.4,95.4,38.7,305.6,77.3
JOSEPHINE,2011,74.9,1.2,43.5,1.2,25.4,1.2,61.6,7.2,96.6,38.6,349,82.1
JOSEPHINE,2012,55.6,3.6,39.9,1.2,27.8,1.2,53.2,4.8,113.6,54.4,315.3,66.5
JOSEPHINE,2013,54.3,9.7,31.4,4.8,27.8,2.4,84.5,1.2,148.5,48.3,297.1,62.8
KLAMATH,1991,32.6,8.6,34.3,5.1,13.7,0,72.1,29.2,82.3,192.1,205.9,87.5
KLAMATH,1992,23.8,10.2,10.2,5.1,25.5,1.7,71.5,13.6,93.7,136.3,161.8,57.9
KLAMATH,1993,16.8,5,20.1,0,11.7,1.7,62,16.8,68.8,97.3,134.2,95.6
KLAMATH,1994,33,3.3,23.1,0,16.5,3.3,62.7,16.5,74.3,90.8,201.4,99
KLAMATH,1995,31.1,13.1,29.4,0,14.7,3.3,81.7,11.4,111.1,83.3,289.3,117.7
KLAMATH,1996,40.2,8,14.5,1.6,9.7,4.8,93.4,9.7,132,83.7,318.7,111.1
KLAMATH,1997,49.3,11.1,19.1,6.4,19.1,1.6,60.5,6.4,111.4,93.9,388.2,98.6
KLAMATH,1998,55.3,4.7,41.1,6.3,12.6,1.6,66.4,3.2,94.9,115.4,423.7,104.3
KLAMATH,1999,94.4,4.7,50.4,6.3,12.6,0,47.2,1.6,80.3,135.4,278.6,77.1
KLAMATH,2000,79.8,3.1,50.1,6.3,15.6,1.6,61,1.6,82.9,28.2,347.4,103.3
KLAMATH,2001,95,6.2,49.8,18.7,15.6,4.7,77.9,1.6,71.7,32.7,333.3,54.5
KLAMATH,2002,89.9,12.4,46.5,10.8,21.7,1.5,72.8,6.2,102.2,20.1,385.7,94.5
KLAMATH,2003,117.6,13.9,40.2,9.3,27.9,4.6,74.3,0,80.5,21.7,365.3,77.4
KLAMATH,2004,125,4.6,43.2,15.4,26.2,1.5,63.3,12.3,89.5,27.8,452.2,89.5
KLAMATH,2005,119.9,1.5,50.7,12.3,30.7,4.6,55.3,4.6,109.1,26.1,473.4,83
KLAMATH,2006,84,7.6,45.8,3.1,15.3,1.5,53.5,6.1,108.5,16.8,411,81
KLAMATH,2007,86.6,18.2,41,7.6,22.8,3,80.5,12.2,76,33.4,357.1,91.2
KLAMATH,2008,108.8,1.5,36.3,3,25.7,4.5,42.3,3,95.2,28.7,219.1,78.6
KLAMATH,2009,85.9,3,55.8,4.5,24.1,3,42.2,7.5,95,30.1,223.1,64.8
KLAMATH,2010,69.2,6,30.1,4.5,21.1,1.5,27.1,3,52.6,19.5,200,69.2
KLAMATH,2011,94.6,7.5,30,9,15,0,63.1,6,82.6,25.5,357.5,73.6
KLAMATH,2012,107.9,6,34.5,1.5,22.5,1.5,70.4,6,115.4,39,338.6,101.9
KLAMATH,2013,107.8,6,35.9,4.5,28.4,1.5,68.9,6,148.2,47.9,482,136.2
LAKE,1991,27.9,0,14,0,0,0,41.9,0,0,69.8,265.4,125.7
LAKE,1992,27.4,27.4,0,0,0,0,13.7,13.7,164.4,95.9,13.7,137
LAKE,1993,0,0,27.3,0,0,0,41,13.7,82,136.6,95.6,68.3
LAKE,1994,26.9,0,13.4,0,0,0,80.6,0,53.8,215.1,362.9,161.3
LAKE,1995,40.1,40.1,40.1,0,0,0,53.5,0,53.5,200.5,213.9,267.4
LAKE,1996,13.4,0,53.6,0,0,0,67,0,40.2,120.6,201.1,201.1
LAKE,1997,0,0,40.2,0,0,0,13.4,0,40.2,67,93.8,120.6
LAKE,1998,13.6,27.1,27.1,0,0,0,54.2,0,54.2,94.9,122,40.7
LAKE,1999,13.5,0,0,27,0,0,94.3,0,40.4,80.9,107.8,94.3
LAKE,2000,80.5,13.4,120.8,0,0,0,80.5,0,67.1,0,389.3,161.1
LAKE,2001,133.3,13.3,80,0,13.3,0,80,0,66.7,93.3,200,240
LAKE,2002,94,13.4,53.7,0,0,0,161.1,0,67.1,40.3,228.2,187.9
LAKE,2003,81.1,13.5,54.1,0,0,0,121.6,13.5,108.1,0,175.7,216.2
LAKE,2004,93.3,0,66.7,13.3,0,0,133.3,0,66.7,40,106.7,120
LAKE,2005,93.3,0,93.3,0,0,0,40,0,66.6,26.6,119.9,159.9
LAKE,2006,66.3,0,53.1,0,0,13.3,66.3,13.3,66.3,66.3,212.2,265.3
LAKE,2007,66.1,0,26.4,0,0,0,13.2,0,105.8,13.2,237.9,198.3
LAKE,2008,158.2,0,79.1,0,0,0,39.6,0,118.7,52.7,369.1,131.8
LAKE,2009,52.6,0,92.1,0,0,0,52.6,13.2,65.8,52.6,368.4,157.9
LAKE,2010,101.4,0,63.4,0,0,0,101.4,38,101.4,50.7,570.3,139.4
LAKE,2011,152.2,0,63.4,0,0,0,114.1,12.7,139.5,76.1,837,152.2
LAKE,2012,88.4,0,50.5,0,0,12.6,75.8,12.6,63.1,75.8,858.6,151.5
LAKE,2013,75.6,12.6,12.6,0,0,12.6,63,12.6,50.4,25.2,466,314.9
LANE,1991,17.3,3.1,35.4,2.4,20.1,3.1,69,42,97.8,69.7,163.7,51.7
LANE,1992,17.5,4.1,34.6,0.7,15.7,0.3,63.6,28.1,78,66,159.8,52.4
LANE,1993,13.5,4,31,2,21.6,1.3,57.6,26.6,73.4,29,151.9,50.2
LANE,1994,10.9,3,26.5,2,17.6,2,53.1,18.9,79.3,36.2,183.8,51.4
LANE,1995,11.4,3.9,23.8,2.6,15,0.7,46.1,13.4,84.3,39.2,238.8,70.2
LANE,1996,19,7.1,25.5,1.9,20.6,1.9,46.1,14.8,72.8,44.5,220.7,64.1
LANE,1997,18.7,3.5,19,2.5,16.1,0.3,35.5,11.1,74.1,39.6,191.3,49.1
LANE,1998,31.1,6.9,25.4,2.5,20.4,2.2,46.1,16,89.4,33.6,211.8,58.7
LANE,1999,34.6,5,20.6,3.1,13.7,1.2,59.5,15,95.3,56.7,251.4,57.9
LANE,2000,32.1,4,29.9,2.2,17,1.5,45.1,17.9,101.3,33,284.3,61.1
LANE,2001,39.9,6.8,28.5,0.9,20.9,1.8,50,17.2,120.6,19.3,321.6,59.8
LANE,2002,50.3,4.3,23.2,4,9.4,1.8,49.1,13.7,128.3,20.1,382.8,67
LANE,2003,46.4,2.7,31.9,1.8,19.1,1.5,41.3,7.6,111.4,22.2,296.6,67.1
LANE,2004,41.4,2.1,31.2,4.2,13.2,0,43.8,6.6,117.9,17.4,385.8,85.2
LANE,2005,39.9,2.1,31.5,1.2,21.4,0.6,49.7,10.4,121.4,19,340.1,123.2
LANE,2006,40.6,2.9,25.9,0.9,15.3,1.5,47.7,9.1,151,25,287.3,133
LANE,2007,43.1,2.3,23.3,1.2,16.3,1.2,56.8,6.7,125.9,21.6,286.8,112.8
LANE,2008,38.5,3.5,24.3,0.9,19.4,2,41.6,6.4,112.5,26.6,205.9,81.8
LANE,2009,56.4,3.5,29.6,0.9,20.1,1.4,55.2,3.5,113.6,22.4,221.5,125.7
LANE,2010,70.7,2.6,38.4,1.1,18.2,3.7,50.3,3.7,116.5,24.7,214.2,113.6
LANE,2011,53.2,3.1,30.3,0.6,11.3,2,34,2,72.5,23.8,207.6,103.1
LANE,2012,60.4,3.7,34.2,2.3,16.7,0.6,37,1.1,76.5,24.8,165.2,91.5
LANE,2013,46.6,1.7,17.1,0.6,23.6,1.7,47.7,2.8,72.7,19.4,82.8,77.5
LINCOLN,1991,35.1,0,37.6,5,10,0,82.7,22.6,67.7,165.5,127.9,52.7
LINCOLN,1992,61.4,0,49.1,0,9.8,0,105.6,31.9,115.4,198.9,159.6,68.7
LINCOLN,1993,31,4.8,33.4,0,4.8,0,112.2,28.6,78.8,128.9,181.4,69.2
LINCOLN,1994,69.9,7,30.3,0,9.3,2.3,93.2,27.9,90.8,167.7,163,88.5
LINCOLN,1995,43.2,2.3,31.9,2.3,13.7,0,63.7,6.8,77.4,97.9,220.8,61.4
LINCOLN,1996,15.7,11.2,22.5,2.2,24.7,2.2,44.9,9,85.4,107.9,152.8,53.9
LINCOLN,1997,42.2,6.7,17.8,2.2,15.5,2.2,62.2,11.1,106.5,133.2,124.3,71
LINCOLN,1998,64.7,0,15.6,6.7,13.4,2.2,100.4,22.3,107,93.7,189.6,53.5
LINCOLN,1999,65.2,11.2,42.7,2.2,13.5,0,47.2,18,56.2,62.9,161.8,69.7
LINCOLN,2000,80.7,4.5,20.2,2.2,9,2.2,51.6,9,80.7,15.7,112.1,69.5
LINCOLN,2001,60.5,2.2,31.4,0,15.7,0,73.9,15.7,100.8,20.2,217.2,78.4
LINCOLN,2002,80.5,4.5,49.2,0,17.9,0,67.1,17.9,136.5,31.3,241.6,62.6
LINCOLN,2003,84.4,11.1,53.3,4.4,6.7,2.2,44.4,11.1,86.7,28.9,211.1,57.8
LINCOLN,2004,65.3,2.3,47.3,2.3,11.3,0,90.1,15.8,168.9,22.5,308.6,92.3
LINCOLN,2005,85.6,4.5,29.3,2.3,6.8,0,74.3,4.5,112.6,33.8,364.8,60.8
LINCOLN,2006,69.6,2.2,47.2,4.5,13.5,0,51.7,9,101.1,38.2,399.8,123.5
LINCOLN,2007,73.9,6.7,26.9,2.2,20.2,0,71.7,4.5,85.1,51.5,304.7,78.4
LINCOLN,2008,80.5,4.5,38,2.2,17.9,2.2,51.4,6.7,82.7,40.3,268.4,51.4
LINCOLN,2009,40.3,8.9,62.6,0,8.9,0,22.4,11.2,82.8,26.8,346.8,58.2
LINCOLN,2010,32.5,8.7,36.8,2.2,8.7,0,58.5,8.7,56.4,23.8,236.3,58.5
LINCOLN,2011,30.3,2.2,39,2.2,8.7,0,39,4.3,65,32.5,186.3,41.2
LINCOLN,2012,49.7,6.5,38.9,0,4.3,2.2,71.3,2.2,62.6,25.9,259.2,64.8
LINCOLN,2013,32.2,4.3,53.7,0,10.7,2.2,43,2.2,83.8,25.8,371.6,98.8
LINN,1991,24.7,3.2,44.1,7.5,14,0,84.9,45.1,94.6,36.5,153.6,75.2
LINN,1992,20.2,4.3,41.5,5.3,9.6,6.4,83,53.2,93.6,80.9,120.2,100
LINN,1993,13.6,3.1,55.6,4.2,22,5.2,63,42,93.4,57.7,137.5,83.9
LINN,1994,19.7,2.1,50.7,0,9.3,2.1,81.7,30,106.6,49.7,228.7,96.2
LINN,1995,26.4,4.1,55.8,6.1,15.2,1,110.6,17.3,135,50.8,348.2,146.2
LINN,1996,32.9,6,49.9,4,16,2,71.9,5,111.8,78.9,256.5,97.8
LINN,1997,26.6,4.9,63,8.9,21.7,0,73.8,4.9,112.2,74.8,222.5,83.7
LINN,1998,40.1,2,44.1,2.9,20.6,2,62.7,6.9,165.5,120.4,246.7,90.1
LINN,1999,47.7,6.8,56.5,7.8,11.7,1.9,53.5,12.7,87.6,117.8,223,80.8
LINN,2000,45.5,2.9,64.8,2.9,17.4,0,48.4,1.9,78.4,31.9,247.7,77.4
LINN,2001,42.5,2.9,58,2.9,17.4,0,52.2,11.6,104.3,22.2,308.2,68.6
LINN,2002,60.6,2.9,63.5,3.8,18.3,2.9,47.1,17.3,127.9,26.9,315.4,72.1
LINN,2003,50.5,2.9,60.1,1,10.5,1,56.2,14.3,133.5,25.7,274.5,64.8
LINN,2004,37.6,0.9,52.7,0.9,24.4,7.5,65.8,10.3,147.6,18.8,381.8,91.2
LINN,2005,42.9,4.7,56.9,2.8,18.7,1.9,54.1,13.1,129.7,29.9,392,80.3
LINN,2006,51.7,9.2,58.2,1.8,12,0,69.3,10.2,131.2,24.9,451.7,75.8
LINN,2007,52.1,3.7,75,2.7,20.1,1.8,56.7,10.1,151.8,19.2,401.6,98.8
LINN,2008,42.7,3.6,85.3,4.5,24.5,0.9,52.6,3.6,109.8,19.1,345.8,83.5
LINN,2009,58.6,2.7,79.4,6.3,17.1,3.6,47.8,6.3,103.7,19.8,265.2,85.7
LINN,2010,55.6,1.7,62.5,1.7,19.7,0.9,49.6,3.4,61.6,21.4,267,69.3
LINN,2011,36.7,1.7,68.2,0,6,4.3,41.8,3.4,75.9,20.5,290.6,54.5
LINN,2012,43.2,3.4,57.6,0,26.3,0.9,69.5,4.2,112.7,30.5,281.3,76.3
LINN,2013,50.6,2.5,50.6,0.8,14.3,1.7,53.9,6.7,101.1,23.6,292.4,59
MALHEUR,1991,33.5,7.4,122.8,0,7.4,11.2,89.3,26,74.4,186,130.2,107.9
MALHEUR,1992,43.3,3.6,90.2,3.6,3.6,3.6,57.7,50.5,25.2,151.5,198.3,165.9
MALHEUR,1993,63.5,7.1,95.3,3.5,3.5,0,63.5,35.3,70.6,173,123.5,130.6
MALHEUR,1994,52.1,3.5,55.6,10.4,24.3,0,59.1,59.1,90.4,201.6,100.8,191.2
MALHEUR,1995,40.7,0,57.6,10.2,3.4,0,74.6,17,81.4,118.7,145.8,105.1
MALHEUR,1996,53.1,0,59.7,3.3,19.9,0,63,13.3,79.6,122.8,132.7,155.9
MALHEUR,1997,71.8,6.5,55.5,0,3.3,3.3,78.4,13.1,94.7,111,215.5,137.2
MALHEUR,1998,61,6.4,45,0,9.6,0,51.4,16.1,115.6,118.8,256.9,144.5
MALHEUR,1999,44.7,3.2,73.4,3.2,9.6,0,51.1,12.8,111.7,67,146.8,156.3
MALHEUR,2000,66.1,3.1,53.5,0,9.4,0,44.1,6.3,113.4,44.1,267.7,129.1
MALHEUR,2001,62.5,3.1,50,0,9.4,6.3,46.9,6.3,75,43.8,265.6,162.5
MALHEUR,2002,46.9,6.3,62.5,9.4,9.4,0,34.4,18.8,103.1,40.6,265.6,146.9
MALHEUR,2003,106.3,0,62.5,3.1,15.6,0,18.8,6.3,68.8,28.1,368.8,171.9
MALHEUR,2004,81.6,6.3,87.9,3.1,9.4,0,44,6.3,109.9,31.4,423.9,144.4
MALHEUR,2005,81.8,0,66,0,12.6,0,28.3,28.3,97.5,18.9,380.5,122.6
MALHEUR,2006,72.5,9.5,41,3.2,6.3,0,63,15.8,78.8,31.5,290,163.9
MALHEUR,2007,63.3,6.3,66.4,6.3,6.3,3.2,50.6,0,98,34.8,265.7,139.2
MALHEUR,2008,50.5,6.3,72.6,6.3,3.2,6.3,28.4,6.3,113.7,22.1,180,120
MALHEUR,2009,50.4,12.6,47.3,0,31.5,6.3,78.8,6.3,75.7,15.8,186,50.4
MALHEUR,2010,57.4,6.4,28.7,3.2,12.8,3.2,47.9,6.4,51,9.6,210.6,47.9
MALHEUR,2011,92.2,12.7,63.6,6.4,9.5,0,41.3,0,54.1,31.8,216.3,50.9
MALHEUR,2012,76.5,3.2,35,3.2,12.7,0,41.4,0,121,19.1,254.8,76.5
MALHEUR,2013,63.6,3.2,38.2,0,6.4,3.2,54.1,0,79.5,25.5,219.5,54.1
MARION,1991,26.7,5.9,40.7,1.7,20.4,3.4,59.4,17.8,63.6,12.7,158.6,67.4
MARION,1992,20.2,6.6,38.4,2.5,20.7,1.2,60.3,22.3,50.4,6.6,157.8,69.8
MARION,1993,24.9,6,46.2,2.8,22.5,0.8,49.4,20.5,48.6,8,117.2,57
MARION,1994,24.7,5.5,30.2,3.1,16.5,2,44.8,11,66.8,11.8,148,80.9
MARION,1995,22.6,8.1,31.8,3.5,20.3,2.3,39.1,8.4,79.8,11.9,196.9,97.9
MARION,1996,24.8,8.6,32.7,2.6,17.7,3,32.7,10.5,79.7,14.3,145,86.4
MARION,1997,32.7,4,29.8,2.6,15.8,0.7,37.2,19.1,71,11,182.5,69.5
MARION,1998,38.6,5.1,23.5,1.4,23.8,0.7,27.4,20.9,86.7,24.6,198.3,84.5
MARION,1999,62.1,4.6,30.2,0,18.8,1.1,32.3,16,74.9,24.5,207.6,74.2
MARION,2000,76.5,5.2,34.2,2.4,19.2,0,43.7,21,103,27.9,221.4,78.9
MARION,2001,78,6.2,45.4,2.1,15.6,1,41.6,23.2,134.9,36.4,266.9,73.5
MARION,2002,67,2.7,47.4,4.8,22.3,1.4,46.7,16.2,132.6,27.5,276.6,80.4
MARION,2003,96.3,5.7,40.9,8.8,20.6,2.7,44.6,13.2,121.7,29.1,253.1,82.5
MARION,2004,90.1,6,42.6,5.4,17.8,1.3,55.3,18.4,172.9,34.8,345.1,112.9
MARION,2005,107.6,3.6,39.4,8.6,21.8,1.7,45,12.2,148.3,30.8,360.4,105.3
MARION,2006,113.8,4.2,42.4,5.9,19.2,1,39.5,8.8,107.3,31.3,342.4,99.5
MARION,2007,119.3,3.9,43.1,4.2,24.1,0.3,34.4,8.7,130.5,26.7,317.6,75.9
MARION,2008,112.1,2.9,54,3.8,26.4,0.6,42.2,4.4,104.2,24.8,261.1,69.9
MARION,2009,93,5,48.1,4.4,28,0.6,37.7,4.7,94,21.7,254.6,67.6
MARION,2010,70.3,2.8,57.6,4.4,18.4,1.9,38.3,11.1,97.2,32,241.5,62.7
MARION,2011,82,5.3,50.6,2.8,19.2,3.1,39.9,9.4,85.2,29.6,255.2,82.4
MARION,2012,73,2.8,56.8,4.4,23.7,1.3,38.4,3.4,96.7,29.3,240.6,70.2
MARION,2013,73.7,4.7,42.4,3.4,23.2,0.3,42.4,6.2,116.8,23.5,242.2,72.5
MORROW,1991,12.5,0,24.9,0,0,0,99.8,0,0,37.4,112.2,49.9
MORROW,1992,12.2,0,12.2,0,12.2,0,12.2,0,48.8,12.2,109.9,61.1
MORROW,1993,23.2,23.2,34.8,0,0,0,162.6,11.6,92.9,34.8,58.1,69.7
MORROW,1994,22.8,0,79.9,0,11.4,0,34.2,11.4,45.7,91.3,102.7,57.1
MORROW,1995,0,0,66.3,0,0,0,44.2,11,99.4,11,176.8,77.3
MORROW,1996,21.5,21.5,64.4,21.5,0,0,118.2,0,107.4,32.2,171.9,139.6
MORROW,1997,41.2,0,82.4,0,10.3,10.3,41.2,0,51.5,10.3,236.9,51.5
MORROW,1998,29.6,0,69.1,0,0,0,49.4,0,39.5,9.9,128.3,39.5
MORROW,1999,28,18.6,28,0,0,0,18.6,0,55.9,18.6,121.2,74.6
MORROW,2000,54.1,0,63.1,0,0,0,9,0,54.1,18,135.1,45
MORROW,2001,71.7,9,89.7,0,0,0,9,9,26.9,17.9,161.4,26.9
MORROW,2002,0,0,35.6,0,0,0,62.2,17.8,53.3,35.6,213.3,17.8
MORROW,2003,42.6,0,42.6,0,0,0,8.5,0,59.6,8.5,178.7,42.6
MORROW,2004,76.6,0,51.1,25.5,8.5,0,8.5,8.5,17,25.5,187.2,51.1
MORROW,2005,50.2,0,33.5,0,0,0,33.5,0,67,25.1,234.4,67
MORROW,2006,57.7,0,57.7,0,0,0,41.2,8.2,66,0,164.9,49.5
MORROW,2007,8.1,0,24.3,8.1,0,0,64.9,0,48.6,8.1,121.6,24.3
MORROW,2008,0,0,32,0,0,0,16,0,48.1,16,168.2,0
MORROW,2009,8,0,15.9,0,31.9,23.9,23.9,8,47.8,0,127.6,23.9
MORROW,2010,0,0,44.7,0,0,0,26.8,0,26.8,26.8,143.2,35.8
MORROW,2011,35.5,8.9,115.4,0,8.9,0,8.9,0,71,35.5,168.6,62.1
MORROW,2012,26.6,0,26.6,0,17.7,0,53.1,0,62,44.3,132.7,62
MORROW,2013,8.8,17.5,35,0,8.8,0,17.5,0,35,8.8,122.5,26.3
MULTNOMAH,1991,38.8,9.7,35.8,3.8,45.8,2.8,73.4,44.8,121.2,18.2,352,55.5
MULTNOMAH,1992,41,8.1,33.5,1.8,41.2,3,62.8,35.6,101.7,9.9,357.7,61.2
MULTNOMAH,1993,42.3,8.9,34.6,2.3,38.8,1.6,46.2,39.9,115.4,10.9,425.4,52.1
MULTNOMAH,1994,37.3,9.5,32.1,2.7,32.1,2.4,52.7,22.8,118.6,10.3,437,53.8
MULTNOMAH,1995,37.8,7.9,28,4.1,36.7,1.9,64.4,25.3,164.9,7.6,480.3,69.6
MULTNOMAH,1996,38.5,9.1,27.4,3.3,37.4,1.6,48.5,22.1,141.1,6.4,488.3,66.5
MULTNOMAH,1997,33.1,4.6,23.2,2.9,38.1,1.5,42.7,21.7,118.7,5.1,497.9,54
MULTNOMAH,1998,34.8,6.6,23.3,2.5,39.4,2,45.6,25.3,134.6,21,578,63.2
MULTNOMAH,1999,40.7,5.8,27.1,2.3,41.7,1.2,40,21,107.8,34.3,525.3,52.2
MULTNOMAH,2000,38,4.5,24,3.6,33.7,2.1,36.1,19,127.3,27.8,505.4,57.2
MULTNOMAH,2001,43.7,2.9,27,2.6,35.1,1.2,29.9,16.7,139.6,36.8,374.3,46.7
MULTNOMAH,2002,53.4,4.8,24.5,3.7,33.3,0.7,31.2,15.5,131,24.6,259.8,40.3
MULTNOMAH,2003,52.8,5.8,23.8,3.5,28.9,2.4,40.1,10.5,110.2,19.8,196.5,36.4
MULTNOMAH,2004,43.4,5.7,25.7,2.9,34.1,1.7,36.9,13,121.9,23.2,187.8,32.9
MULTNOMAH,2005,38.7,5.2,23.5,2.9,31.8,1.4,46.2,13.4,150.1,27,232.1,44.6
MULTNOMAH,2006,41.3,5.1,35.9,3,30.5,0.7,41.8,7.3,159.8,28.9,278.7,39.3
MULTNOMAH,2007,41.7,3.5,21.4,2.4,33.9,2.7,42.7,3.1,135.8,27.2,215.1,39.7
MULTNOMAH,2008,38.4,4.3,30.1,2.2,27.9,1.4,33.8,5.7,106.7,23.5,201.4,43.2
MULTNOMAH,2009,35.3,4.1,27.5,2.8,25.8,1.2,29.8,2.8,94.1,19.6,183.9,38.5
MULTNOMAH,2010,36.1,6.2,30.9,2.4,33.1,1.8,29.9,3.7,85.5,21.6,159.9,38.3
MULTNOMAH,2011,31.3,4,21.3,2,25.2,1.9,32.9,3.1,85.7,23.5,173.5,42.7
MULTNOMAH,2012,28.5,2.9,19.8,2.3,24.7,1.1,31.7,2.9,83.9,22.5,179.4,42.5
MULTNOMAH,2013,29,4,19.7,1.6,25.6,1.1,33.6,2,85.9,27.2,205.8,43
POLK,1991,11.7,13.6,29.2,3.9,15.6,5.8,52.6,13.6,39,134.5,126.7,21.4
POLK,1992,11.4,1.9,58.8,0,7.6,0,37.9,7.6,37.9,134.6,144,39.8
POLK,1993,22.3,1.9,35.3,1.9,5.6,1.9,22.3,13,33.4,105.8,122.5,29.7
POLK,1994,26.9,7.2,35.9,0,10.8,0,21.5,3.6,55.7,122.1,132.9,50.3
POLK,1995,24.7,12.4,22.9,1.8,10.6,1.8,30,5.3,58.2,102.4,195.9,44.1
POLK,1996,17.3,5.2,43.2,3.5,5.2,0,39.8,1.7,50.1,119.3,98.5,62.2
POLK,1997,15.2,6.7,16.8,3.4,6.7,0,43.8,10.1,50.5,106.1,158.3,45.5
POLK,1998,23,6.6,34.5,3.3,8.2,0,26.3,8.2,46,120,133.2,39.5
POLK,1999,34,4.9,17.8,0,6.5,0,35.6,8.1,55.1,94,121.5,24.3
POLK,2000,31.9,1.6,28.7,3.2,4.8,0,15.9,4.8,73.4,33.5,248.8,41.5
POLK,2001,47.2,1.6,31.4,0,14.2,0,39.3,15.7,81.8,18.9,327,66
POLK,2002,31.5,3.2,41,0,7.9,4.7,31.5,7.9,70.9,3.2,318.4,22.1
POLK,2003,25,3.1,50,0,12.5,1.6,18.8,6.3,87.5,21.9,237.5,42.2
POLK,2004,29.3,3.1,60,0,3.1,3.1,32.3,9.2,86.2,13.9,289.5,24.6
POLK,2005,47.2,3,51.8,0,3,0,22.8,6.1,79.2,15.2,261.9,19.8
POLK,2006,34.5,3,52.5,0,6,0,36,12,84,12,288,40.5
POLK,2007,50.4,0,38.5,4.4,5.9,3,43,8.9,88.9,13.3,237,66.7
POLK,2008,33.7,1.5,52.8,1.5,2.9,1.5,19.1,4.4,73.3,26.4,187.6,45.4
POLK,2009,45.1,1.5,46.5,4.4,4.4,4.4,36.3,4.4,68.3,14.5,254.4,46.5
POLK,2010,58.3,1.3,59.6,0,9.3,2.6,31.8,6.6,55.6,13.2,217.2,38.4
POLK,2011,0,0,0,0,0,0,0,0,0,0,0,0
POLK,2012,0,0,0,0,0,0,0,0,0,0,0,0
POLK,2013,0,0,0,0,0,0,0,0,0,0,0,0
SHERMAN,1991,155.4,0,0,0,0,0,207.3,0,0,103.6,207.3,51.8
SHERMAN,1992,0,0,0,0,0,0,51.5,0,51.5,103.1,154.6,0
SHERMAN,1993,50.8,0,0,0,0,0,0,0,101.5,101.5,101.5,0
SHERMAN,1994,0,0,153.8,0,0,0,51.3,0,153.8,102.6,102.6,256.4
SHERMAN,1995,0,0,101,0,0,0,101,101,50.5,101,101,50.5
SHERMAN,1996,0,0,0,0,0,0,104.2,0,52.1,260.4,0,156.3
SHERMAN,1997,52.1,0,52.1,0,52.1,0,156.3,0,104.2,364.6,468.8,156.3
SHERMAN,1998,0,0,0,0,0,0,0,104.2,52.1,104.2,208.3,104.2
SHERMAN,1999,103.6,0,51.8,51.8,0,0,0,0,155.4,155.4,103.6,103.6
SHERMAN,2000,153.8,0,51.3,0,0,0,153.8,0,307.7,0,153.8,102.6
SHERMAN,2001,210.5,0,105.3,0,0,0,52.6,0,263.2,0,263.2,210.5
SHERMAN,2002,54.1,0,108.1,0,0,0,162.2,0,108.1,54.1,270.3,54.1
SHERMAN,2003,52.6,0,0,0,0,0,52.6,0,105.3,0,473.7,105.3
SHERMAN,2004,52.6,52.6,52.6,0,0,0,263.2,0,52.6,0,315.8,157.9
SHERMAN,2005,159.6,53.2,106.4,0,53.2,0,0,0,106.4,0,106.4,106.4
SHERMAN,2006,107.2,0,53.6,0,0,53.6,0,53.6,0,0,321.7,53.6
SHERMAN,2007,53.9,53.9,0,0,0,0,0,0,215.6,53.9,970.4,215.6
SHERMAN,2008,0,54.2,0,0,54.2,0,54.2,0,325.2,54.2,704.6,54.2
SHERMAN,2009,0,0,54.6,0,0,0,0,0,218.6,109.3,1748.6,0
SHERMAN,2010,113.3,56.7,0,0,0,0,113.3,0,283.3,226.6,2096.3,170
SHERMAN,2011,0,0,0,0,0,0,56.7,0,226.6,56.7,2323,113.3
SHERMAN,2012,0,0,0,0,0,0,113.3,0,226.6,170,1869.7,56.7
SHERMAN,2013,280.9,0,112.4,0,0,0,0,0,224.7,112.4,1966.3,112.4
TILLAMOOK,1991,36.4,4.5,40.9,0,18.2,4.5,91,4.5,54.6,18.2,77.3,63.7
TILLAMOOK,1992,44.9,4.5,40.4,0,0,0,76.4,27,58.4,85.4,76.4,125.8
TILLAMOOK,1993,39.6,0,61.5,0,8.8,0,74.7,8.8,79.1,114.3,96.7,136.3
TILLAMOOK,1994,56.3,8.7,43.3,0,8.7,8.7,138.5,4.3,77.9,155.8,142.9,160.2
TILLAMOOK,1995,17,4.2,29.7,0,4.2,8.5,38.2,4.2,51,118.9,97.7,191.1
TILLAMOOK,1996,41.8,4.2,54.3,4.2,0,8.4,100.3,8.4,50.1,96.1,146.2,179.6
TILLAMOOK,1997,53.8,0,41.4,4.1,0,4.1,62.1,4.1,29,4.1,128.3,136.5
TILLAMOOK,1998,37.3,0,16.6,4.1,0,0,83,8.3,62.2,16.6,182.5,136.9
TILLAMOOK,1999,53.7,8.3,24.8,4.1,8.3,8.3,70.2,8.3,61.9,33,218.8,156.9
TILLAMOOK,2000,74.1,4.1,57.6,8.2,4.1,4.1,70,8.2,57.6,16.5,259.3,111.1
TILLAMOOK,2001,24.4,8.1,32.5,0,4.1,8.1,61,8.1,48.8,36.6,227.6,93.5
TILLAMOOK,2002,40.7,8.1,36.6,16.3,0,4.1,40.7,0,73.2,16.3,292.7,89.4
TILLAMOOK,2003,20.1,4,20.1,0,8,0,52.2,0,76.3,12,204.8,108.4
TILLAMOOK,2004,36.1,12,32.1,0,4,8,44.1,8,76.2,24,212.4,104.2
TILLAMOOK,2005,47.6,4,31.7,0,4,0,71.4,4,71.4,15.9,309.5,71.4
TILLAMOOK,2006,58.8,0,58.8,0,0,3.9,43.1,3.9,50.9,27.4,470,113.6
TILLAMOOK,2007,19.3,7.7,54.2,3.9,7.7,3.9,42.6,3.9,58,7.7,379.2,73.5
TILLAMOOK,2008,23,0,30.7,3.8,7.7,0,34.5,0,92.1,42.2,199.5,103.6
TILLAMOOK,2009,26.8,3.8,19.1,7.7,0,0,26.8,3.8,49.8,15.3,126.3,88
TILLAMOOK,2010,11.9,7.9,39.6,4,0,4,87.1,7.9,71.3,27.7,174.2,63.3
TILLAMOOK,2011,51.5,4,59.4,0,0,0,63.4,7.9,83.2,19.8,174.2,110.9
TILLAMOOK,2012,19.8,11.9,23.7,4,4,0,39.5,0,63.2,15.8,162,83
TILLAMOOK,2013,15.8,0,31.5,7.9,15.8,0,35.5,3.9,43.4,15.8,252.2,67
UMATILLA,1991,19.9,6.6,41.4,1.7,16.5,3.3,51.3,33.1,76.1,124.1,142.3,69.5
UMATILLA,1992,21,9.7,48.5,1.6,16.2,3.2,89,19.4,97,153.6,103.5,90.6
UMATILLA,1993,12.7,11.1,39.6,1.6,23.7,0,82.3,28.5,87,150.3,99.7,85.4
UMATILLA,1994,21.8,6.2,29.5,3.1,7.8,0,63.7,15.5,93.2,161.6,97.9,99.4
UMATILLA,1995,13.7,6.1,30.5,1.5,10.7,0,45.8,13.7,90.1,97.7,216.8,103.8
UMATILLA,1996,34.7,7.6,30.2,1.5,28.7,1.5,72.5,9.1,72.5,143.5,241.7,136
UMATILLA,1997,34.5,0,40.5,4.5,9,3,54,7.5,91.5,155.9,332.9,138
UMATILLA,1998,51.3,5.9,39.6,2.9,8.8,0,61.5,10.3,98.2,131.9,319.4,197.8
UMATILLA,1999,51.6,8.6,43,1.4,15.8,5.7,85.9,11.5,106,90.2,338,300.7
UMATILLA,2000,66.3,5.6,62.1,1.4,9.9,1.4,69.2,15.5,67.7,33.9,241.4,122.8
UMATILLA,2001,50.8,4.2,36.7,1.4,9.9,2.8,59.2,11.3,87.4,28.2,246.8,62.1
UMATILLA,2002,56.3,9.9,25.4,1.4,5.6,2.8,71.8,8.5,77.5,21.1,462,112.7
UMATILLA,2003,47.8,8.4,35.2,2.8,4.2,1.4,52,7,95.6,42.2,405.1,70.3
UMATILLA,2004,36,11.1,22.1,4.2,9.7,0,73.4,15.2,91.3,30.4,614.5,63.7
UMATILLA,2005,59.4,1.4,37.3,2.8,15.2,2.8,84.3,9.7,84.3,41.4,461.4,70.4
UMATILLA,2006,66.5,5.5,30.5,5.5,4.2,4.2,72,9.7,127.4,31.9,518.1,120.5
UMATILLA,2007,45.7,1.4,18,0,8.3,1.4,51.2,13.8,87.2,24.9,389,76.1
UMATILLA,2008,91.2,9.7,37.3,1.4,19.3,0,70.5,5.5,127.1,22.1,349.5,109.1
UMATILLA,2009,81.5,9.7,29,1.4,11,0,63.5,4.1,95.3,33.1,330,113.2
UMATILLA,2010,48.7,1.3,25,1.3,15.8,0,28.9,2.6,68.4,25,276.3,76.3
UMATILLA,2011,56.2,2.6,20.9,0,13.1,0,32.7,2.6,50.9,15.7,265.1,61.4
UMATILLA,2012,46.7,2.6,13,0,14.3,0,38.9,3.9,85.6,38.9,271,80.4
UMATILLA,2013,47.5,2.6,16.7,2.6,11.6,0,52.6,2.6,91.2,52.6,327.4,138.7
UNION,1991,8.4,4.2,37.6,0,12.5,4.2,121.1,33.4,100.3,45.9,79.4,50.1
UNION,1992,20.8,0,58.2,0,20.8,0,91.4,8.3,95.6,45.7,87.3,95.6
UNION,1993,8.1,4.1,60.9,0,0,0,44.7,16.2,85.3,32.5,89.4,81.2
UNION,1994,28.1,4,28.1,0,4,4,40.2,12.1,68.3,56.3,40.2,48.2
UNION,1995,12.1,8,24.1,0,12.1,4,32.2,8,124.6,72.4,180.9,88.5
UNION,1996,16.1,8,72.4,8,8,8,108.6,4,68.4,48.3,160.9,92.5
UNION,1997,20.1,4,64.4,0,0,4,40.2,12.1,148.9,52.3,177.1,116.7
UNION,1998,20.3,0,52.7,0,0,12.2,109.4,20.3,105.4,52.7,275.6,162.1
UNION,1999,24.4,0,73.2,0,12.2,4.1,73.2,32.5,93.6,24.4,284.8,85.4
UNION,2000,65.2,0,61.1,0,4.1,0,77.4,4.1,81.5,0,272.9,101.8
UNION,2001,48.9,4.1,48.9,4.1,12.2,0,44.8,4.1,93.7,4.1,268.8,73.3
UNION,2002,69.1,0,40.7,0,12.2,4.1,52.8,0,146.3,16.3,304.9,85.4
UNION,2003,16.2,0,77.1,0,4.1,4.1,52.7,4.1,48.7,4.1,296.1,52.7
UNION,2004,28.2,8,36.2,0,8,0,48.3,0,68.4,20.1,293.8,84.5
UNION,2005,28.1,0,32.1,0,4,0,12,0,92.2,8,236.5,36.1
UNION,2006,55.8,0,31.9,0,8,0,47.8,4,31.9,15.9,238.9,39.8
UNION,2007,19.8,0,43.6,0,0,0,47.5,0,83.2,23.8,217.8,51.5
UNION,2008,15.8,3.9,43.4,0,0,0,47.3,7.9,59.1,23.7,98.6,43.4
UNION,2009,31.4,7.9,19.6,0,3.9,3.9,11.8,7.9,47.1,19.6,98.2,31.4
UNION,2010,46.5,0,69.7,0,3.9,0,23.2,0,54.2,19.4,178.2,23.2
UNION,2011,30.8,0,11.6,3.9,3.9,3.9,42.3,0,69.3,69.3,238.7,77
UNION,2012,49.7,0,30.6,3.8,0,3.8,72.6,0,57.3,42,240.7,110.8
UNION,2013,45.6,0,49.4,0,0,0,38,15.2,72.2,30.4,269.7,117.8
WALLOWA,1991,28,0,14,0,0,0,14,0,56,28,42,14
WALLOWA,1992,0,0,13.8,0,0,0,206.9,0,27.6,27.6,55.2,55.2
WALLOWA,1993,13.4,0,67.2,0,13.4,0,53.8,26.9,26.9,26.9,67.2,26.9
WALLOWA,1994,40.2,0,67,0,0,13.4,13.4,0,26.8,80.4,227.9,120.6
WALLOWA,1995,0,0,13.4,0,0,0,40.1,0,53.5,13.4,66.8,80.2
WALLOWA,1996,26.7,13.4,13.4,0,0,0,0,0,66.8,53.5,26.7,26.7
WALLOWA,1997,0,13.4,0,0,0,0,13.4,0,13.4,26.7,40.1,53.5
WALLOWA,1998,0,0,0,0,0,0,68.1,0,54.5,40.9,54.5,54.5
WALLOWA,1999,13.8,0,13.8,0,0,0,13.8,0,41.3,27.5,110.2,0
WALLOWA,2000,13.8,0,27.6,0,0,0,27.6,0,55.2,0,13.8,82.8
WALLOWA,2001,0,14.1,0,0,0,0,28.2,0,42.3,0,112.7,42.3
WALLOWA,2002,28,0,14,0,0,0,69.9,0,97.9,28,42,42
WALLOWA,2003,42,0,14,0,0,0,28,0,42,0,28,42
WALLOWA,2004,14,0,0,0,0,0,69.9,0,42,0,111.9,55.9
WALLOWA,2005,28.1,0,0,0,0,0,14,0,42.1,0,252.5,28.1
WALLOWA,2006,42,14,0,0,0,0,84,0,28,0,140.1,98
WALLOWA,2007,0,0,14,0,0,0,28.1,0,42.1,14,14,28.1
WALLOWA,2008,14.1,0,0,0,0,0,56.2,0,14.1,14.1,56.2,70.3
WALLOWA,2009,28.2,14.1,14.1,0,0,0,56.3,0,0,14.1,28.2,28.2
WALLOWA,2010,14.3,0,14.3,0,0,0,57.1,0,28.6,14.3,57.1,28.6
WALLOWA,2011,57.2,0,0,0,0,0,57.2,0,14.3,0,100.1,42.9
WALLOWA,2012,57,0,14.3,0,0,0,14.3,0,0,14.3,14.3,28.5
WALLOWA,2013,28.4,14.2,0,0,0,0,42.6,0,28.4,0,28.4,42.6
WASCO,1991,9,9,31.5,0,4.5,0,72.1,31.5,130.7,117.2,166.7,31.5
WASCO,1992,22.3,13.4,62.4,0,13.4,0,53.5,49,115.9,249.7,142.7,31.2
WASCO,1993,40.1,4.5,62.4,0,0,4.5,53.5,26.7,75.8,160.4,173.8,124.8
WASCO,1994,30.7,0,43.8,0,4.4,0,30.7,13.1,48.2,241,184,118.3
WASCO,1995,26.1,4.3,39.1,4.3,4.3,0,39.1,13,108.6,304,304,91.2
WASCO,1996,38.8,4.3,34.5,4.3,25.9,0,51.7,17.2,133.7,271.7,288.9,116.4
WASCO,1997,59.9,8.6,42.8,0,17.1,0,42.8,4.3,77,295.1,367.8,162.5
WASCO,1998,72.6,0,47,4.3,8.5,0,81.2,21.4,94,226.4,440,81.2
WASCO,1999,54.9,4.2,29.5,0,16.9,0,50.6,16.9,101.3,219.4,400.8,84.4
WASCO,2000,37.7,4.2,37.7,0,0,4.2,46.1,8.4,54.5,46.1,314.5,58.7
WASCO,2001,41.4,8.3,8.3,0,20.7,0,24.8,0,41.4,24.8,256.7,53.8
WASCO,2002,75.8,21.1,46.3,0,12.6,0,58.9,12.6,54.7,29.5,252.6,42.1
WASCO,2003,89.2,8.5,55.2,0,8.5,4.2,59.4,4.2,101.9,34,246.3,25.5
WASCO,2004,79.5,0,46,0,4.2,0,83.7,0,133.9,54.4,468.6,33.5
WASCO,2005,33.4,4.2,50.1,0,8.4,0,33.4,4.2,79.4,46,355.1,16.7
WASCO,2006,49.9,0,37.4,0,12.5,0,58.2,0,137.1,41.5,324.1,83.1
WASCO,2007,33.2,12.4,58,0,0,4.1,24.9,0,78.8,37.3,368.9,99.5
WASCO,2008,53.8,4.1,37.2,0,4.1,0,57.9,8.3,120,45.5,264.8,29
WASCO,2009,66,4.1,45.4,0,16.5,0,45.4,0,103.2,33,280.6,61.9
WASCO,2010,63.4,0,35.7,0,19.8,0,75.3,0,146.6,23.8,285.3,107
WASCO,2011,39.5,15.8,43.5,0,7.9,4,39.5,4,55.3,43.5,284.6,87
WASCO,2012,94.2,3.9,66.7,0,7.9,0,70.6,0,90.3,62.8,412,82.4
WASCO,2013,54.2,7.8,27.1,3.9,11.6,3.9,62,7.8,65.9,38.7,441.7,77.5
WASHINGTON,1991,13.6,2.4,20.3,1.2,20,1.5,54.4,33.9,84.6,23.3,56.5,48.7
WASHINGTON,1992,13.4,3.8,22.9,1.5,13.9,1.2,56.9,35.7,67.3,22.9,59.5,52.8
WASHINGTON,1993,13.4,4.7,17.9,1.4,12.8,1.4,48.3,32.4,59.7,28.7,63.9,49.9
WASHINGTON,1994,11.3,4.3,20.7,1.6,12.9,0.5,36.9,9.7,60.9,50.6,65.4,51.7
WASHINGTON,1995,13.2,6.2,14,2.6,25.2,0.5,35,7.8,67.5,52.9,81.2,70.8
WASHINGTON,1996,22,2.5,20.5,3.8,20.8,0.5,31.5,4,58.8,54.6,72.1,88.8
WASHINGTON,1997,18.4,3.6,19.6,3.4,12.4,1,25.2,11.6,70,59.1,72.9,134.3
WASHINGTON,1998,23.5,3.3,17.9,2.1,19.7,0.2,28.9,14.1,85.5,71.7,81.3,171.3
WASHINGTON,1999,29.9,3.7,22.2,1.8,14.4,1.1,26.3,22.6,76.3,52.1,108.3,125.9
WASHINGTON,2000,43,2.2,24.9,4.5,14.2,0.7,23.6,20.7,70.8,17.6,117.8,77.7
WASHINGTON,2001,38.6,2,32.7,1.3,13.8,1.3,29.2,17.3,88.9,16,126.8,64.9
WASHINGTON,2002,34.1,1.7,30.7,1.7,15.5,1.1,34.1,17.9,112.9,17.5,133,74.1
WASHINGTON,2003,32.6,1.5,30.7,2.8,13.8,0.4,20.1,8.5,72.2,15.2,96.7,42.5
WASHINGTON,2004,32.5,3.1,39.6,2.9,14.4,0.4,25,15.2,93.9,16.5,118.7,38.9
WASHINGTON,2005,36.1,2.5,34.1,3.5,14.5,0.6,28.8,16.7,97.4,18.4,153.1,45.9
WASHINGTON,2006,45.9,2.8,36.6,0.8,15,0,20.4,12.4,90.7,16,117.7,38.6
WASHINGTON,2007,41.1,2,39.1,1.8,16.8,1,24.7,9.2,81.2,16,124.6,37.4
WASHINGTON,2008,35.4,2.9,30.8,1.5,21.3,0.8,21.5,7.3,74.2,14,104.1,37.9
WASHINGTON,2009,41.4,1.7,34.9,0.8,15.6,0.9,21.2,3.4,57.7,12.5,93.9,36.8
WASHINGTON,2010,34.1,2.3,34.8,2.6,11.3,0.6,21.1,4,58.7,12.4,108.1,39.2
WASHINGTON,2011,31.3,1.7,29.6,0.8,9.9,0.8,20.5,5.2,50.9,15.1,131.4,31
WASHINGTON,2012,35.6,2.2,33.5,0.4,10.9,0.4,19,1.8,51,15.8,143.7,33.2
WASHINGTON,2013,35,1.1,27.6,0.5,10.2,0.4,18.7,4.4,63.2,14.7,169,37.6
WHEELER,1991,0,0,69.4,0,0,0,0,0,0,0,0,0
WHEELER,1992,138.9,0,69.4,0,0,0,0,0,277.8,0,69.4,69.4
WHEELER,1993,0,0,0,0,0,0,133.3,0,66.7,0,0,0
WHEELER,1994,0,0,0,0,0,0,63.7,0,0,63.7,0,0
WHEELER,1995,63.7,0,0,63.7,0,0,63.7,0,63.7,63.7,63.7,127.4
WHEELER,1996,0,0,0,0,0,0,122,0,0,122,61,122
WHEELER,1997,0,0,62.1,0,0,0,186.3,0,124.2,62.1,186.3,0
WHEELER,1998,0,0,0,0,0,0,0,0,0,63.7,0,0
WHEELER,1999,128.2,0,64.1,0,0,0,0,0,64.1,128.2,128.2,128.2
WHEELER,2000,0,0,64.5,0,0,0,0,0,0,0,193.5,129
WHEELER,2001,0,0,64.5,0,0,0,64.5,64.5,0,0,322.6,64.5
WHEELER,2002,0,0,64.5,0,0,0,0,0,0,0,322.6,0
WHEELER,2003,64.5,0,0,0,0,0,0,0,0,0,129,64.5
WHEELER,2004,0,0,0,0,0,0,129,0,64.5,0,64.5,193.5
WHEELER,2005,129,0,0,0,0,0,0,0,0,0,193.5,193.5
WHEELER,2006,127.8,0,63.9,0,0,0,0,0,63.9,0,0,0
WHEELER,2007,0,0,0,0,0,0,0,0,0,0,127.4,191.1
WHEELER,2008,0,0,63.5,0,0,0,0,0,0,0,0,63.5
WHEELER,2009,0,0,0,0,0,0,0,0,0,0,0,0
WHEELER,2010,0,0,0,0,0,0,0,0,69.4,0,0,69.4
WHEELER,2011,0,0,0,0,0,0,0,0,0,0,0,69.7
WHEELER,2012,70.2,0,70.2,0,0,0,70.2,0,0,0,0,0
WHEELER,2013,69.9,0,69.9,0,0,0,69.9,0,0,0,69.9,69.9
YAMHILL,1991,16.2,5.9,31,0,4.4,3,20.7,25.1,53.1,76.7,107.7,36.9
YAMHILL,1992,11.5,5.8,27.3,0,4.3,4.3,31.7,23,60.4,120.9,103.6,40.3
YAMHILL,1993,16.8,1.4,28.1,1.4,1.4,2.8,36.5,28.1,74.4,138.9,133.3,47.7
YAMHILL,1994,15,4.1,47.7,4.1,4.1,1.4,34.1,10.9,73.6,147.2,197.6,51.8
YAMHILL,1995,11.9,5.3,18.4,1.3,4,0,34.3,4,60.6,93.6,180.5,35.6
YAMHILL,1996,19.2,1.3,35.8,1.3,12.8,1.3,33.2,6.4,49.8,81.8,138,40.9
YAMHILL,1997,23.7,5,34.9,0,8.7,2.5,47.4,8.7,82.2,83.5,133.3,42.4
YAMHILL,1998,29.1,8.5,33.9,3.6,8.5,0,25.5,3.6,72.7,101.8,139.4,48.5
YAMHILL,1999,35.7,3.6,39.3,1.2,6,0,31,6,54.8,86.9,121.5,39.3
YAMHILL,2000,40.9,1.2,40.9,7,1.2,1.2,18.7,3.5,79.5,24.6,161.4,44.4
YAMHILL,2001,50.9,1.2,56.7,5.8,3.5,1.2,25.5,4.6,90.3,22,197.9,52.1
YAMHILL,2002,42.3,3.4,64,2.3,1.1,0,24,11.4,117.7,13.7,285.7,64
YAMHILL,2003,43.1,1.1,42,5.7,6.8,1.1,35.2,3.4,99.8,18.2,306.3,43.1
YAMHILL,2004,48.2,2.2,52.7,2.2,2.2,1.1,32.5,10.1,57.2,25.8,348.7,68.4
YAMHILL,2005,34.3,5.5,54.3,3.3,2.2,0,33.2,4.4,74.2,25.5,308.9,79.7
YAMHILL,2006,48,5.5,46.9,5.5,4.4,2.2,19.6,1.1,52.4,31.6,256.3,60
YAMHILL,2007,33.3,2.1,50.5,0,5.4,0,12.9,2.1,58,22.6,185.9,39.7
YAMHILL,2008,53,6.4,57.2,5.3,13.8,1.1,25.4,4.2,62.5,22.3,127.2,51.9
YAMHILL,2009,43,1,49.3,1,10.5,1,18.9,1,67.2,22,169,48.3
YAMHILL,2010,37.2,3,46.3,1,8,0,26.2,0,45.3,18.1,183.1,39.2
YAMHILL,2011,42.1,1,34.1,1,8,1,22,3,45.1,26,220.3,48.1
YAMHILL,2012,28.8,3,30.8,1,8,0,28.8,1,41.8,24.9,202.9,40.8
YAMHILL,2013,19.7,1,28.6,0,6.9,1,17.8,3,59.2,27.6,243.6,32.5
STATE,1991,21.7,5.4,32.7,2.2,20.9,2.3,60.8,30.1,85.2,57.3,170.8,53.2
STATE,1992,22.5,5.3,31.3,1.5,17.9,1.8,58.7,26,75.2,62,169.8,59.5
STATE,1993,21.7,5.5,32.3,1.9,18.1,1.4,49.1,26.9,75.2,53,182.4,56.6
STATE,1994,21.5,5.2,28.2,1.9,15.4,1.6,47.2,16,77.6,61.2,209.9,61.6
STATE,1995,21.6,6,24.9,2.7,18.6,1.5,47.3,12.1,95.3,53.2,253.6,75.4
STATE,1996,25.8,5.8,28.1,2.6,19.5,1.8,45.1,10.8,88.2,58.8,228,74.9
STATE,1997,26.8,4,26,2.4,16.4,1.2,40.9,11.9,84,52.1,234.1,73.5
STATE,1998,32.3,4.4,26.2,2.5,20.5,1.4,43.7,13.9,96.1,59.8,257.8,83.6
STATE,1999,40.5,4.9,30.6,2.3,17.9,1.1,40.5,14.6,83.9,57.7,249.2,75.8
STATE,2000,44.2,3.7,31.9,2.7,16.4,1.2,35.8,13.5,89.3,25.3,263.8,66.6
STATE,2001,45,3.9,33.7,2.2,16.5,1.6,38.1,13.4,104.3,26.2,256.1,59.7
STATE,2002,47,3.9,32.8,2.8,16.4,1.4,40.7,11.8,109.2,23.8,253.9,61.7
STATE,2003,49.4,4.2,34.4,3.2,16.4,1.6,38,7.7,99,22.5,220.4,54.3
STATE,2004,45.3,4,35.5,3.2,16.4,1.4,43,10.6,116.6,23.6,268.3,59.9
STATE,2005,47.3,3.4,33.7,3.1,16.9,1.2,41.7,10.3,123.1,25.3,286.2,65.1
STATE,2006,50.4,4.1,36.2,2.1,15.9,1.2,41.1,8.9,123.5,26.8,277.1,67.7
STATE,2007,50.2,3.4,34,2.1,17.6,1.6,40.7,6.2,111.3,25.8,237.9,59.3
STATE,2008,48.5,3.6,40.3,1.9,17.8,1.2,35.6,5.4,96.2,24.1,191.3,54.7
STATE,2009,47.2,3.4,35.6,2.2,16.8,1.4,33.7,3.9,86.3,20.7,186.6,55.1
STATE,2010,45.3,3.3,38,2,16.3,1.7,35.6,4.4,81.4,21.3,194.9,55.1
STATE,2011,42.1,3.3,32.5,1.4,13.4,1.5,34.3,4.3,72.6,24.6,212.9,55.1
STATE,2012,42.5,2.7,31.5,1.4,15,0.9,35.8,2.6,78.3,26.3,212.9,56.2
STATE,2013,39.7,2.9,27.7,1.3,15.7,1.1,37.3,3.6,84,26.2,220.8,58.5
